SET session_replication_role = replica;

--
-- PostgreSQL database dump
--

-- Dumped from database version 15.8
-- Dumped by pg_dump version 15.8

SET statement_timeout = 0;
SET lock_timeout = 0;
SET idle_in_transaction_session_timeout = 0;
SET client_encoding = 'UTF8';
SET standard_conforming_strings = on;
SELECT pg_catalog.set_config('search_path', '', false);
SET check_function_bodies = false;
SET xmloption = content;
SET client_min_messages = warning;
SET row_security = off;

--
-- Data for Name: kitchen; Type: TABLE DATA; Schema: public; Owner: postgres
--

INSERT INTO "public"."kitchen" ("kitchen_id", "name", "type") VALUES
	('0af56a9e-60df-4893-91df-68b738e86822', 'CML Pastry', 'Team'),
	('48c306e1-0814-4c91-8222-ba0993b7d66a', 'Kitchen 154', 'Team'),
	('5e047736-08a9-4ffe-8ad7-ca3f43638592', 'Tem''s', 'Team'),
	('735cf64f-e053-421a-aad8-ef049cac73e3', 'XO', 'Team'),
	('295e6e29-929f-409c-92fa-55be7a737a90', 'arnava1304@gmail.com', 'Personal'),
	('816f8fdb-fedd-4e6e-899b-9c98513e49c5', 'FoodWeb Internal', 'Team'),
	('d353ecae-c56a-497f-ad99-aff7238cb44c', 'sweeney5285@gmail.com', 'Personal'),
	('20cf91d9-e07a-49ce-b9dc-1cdc67c5aed5', 'arnav@foodweb.ai', 'Personal'),
	('bc493ac0-8ecd-46f2-a7bc-b5b96c323bf6', 'yagoferretti@gmail.com', 'Personal'),
	('060259ed-faae-4798-800e-eb4b710fe716', 'apple@apple.com', 'Personal'),
	('ebc6cbcd-5699-4eb6-ba14-40c53af28cca', 'arnava1304@gmail.com', 'Personal'),
	('e6f053b8-66e9-44f4-8d68-d8df0c866e17', 'immagprats@hotmail.com', 'Personal'),
	('b6fac464-1cb7-4474-b109-917fa33d5d54', 'immagprats@hotmail.com', 'Personal'),
	('dc9ed5aa-54c9-4df5-b9a4-959e71a39ef8', 'maggie.q.l@hotmail.com', 'Personal'),
	('ff3f850e-a473-43d9-9520-a9959be26dbd', 'vitika.agarwal@gmail.com', 'Personal'),
	('2010da74-6360-44c5-9b63-db0cd17a6530', 'yago@foodweb.ai', 'Personal'),
	('10a99788-4b58-4e16-bc5e-c54500ec8255', 'piazzolla.luca93@gmail.com', 'Personal'),
	('aab23e0a-dfd6-4465-bdf5-f505aa0ec707', 'fabianisamat@icloud.com', 'Personal'),
	('3397babb-0eba-40b9-b6ff-7ea3a6547d05', 'arnava1304@gmail.com', 'Personal'),
	('cbbc6877-4a0e-4e99-aa87-a5cf51132629', 'ifrechoso@gmail.com', 'Personal'),
	('e3aff5a8-485d-4444-9747-70e889380a50', 'mimmoferretti@hotmail.com', 'Personal'),
	('2dd4a91d-1e2d-42d2-8675-e113d7374418', 'aa5507@columbia.edu', 'Personal'),
	('80661400-00c1-472b-9418-3bda318fcce8', 'arnava1304@gmail.com', 'Personal'),
	('00864716-7b97-4f26-bf03-21eacb19fec1', 'arnava1304@gmail.com', 'Personal'),
	('e8b08bda-1fbc-4332-9e4d-0071894a65c0', 'arnava1304@gmail.com', 'Personal'),
	('e2323643-2449-4804-aebb-6d251e7a8ab3', 'arnava1304@gmail.com', 'Personal'),
	('5dbb6986-e6a7-479a-9947-5c5a334d37aa', 'arnava1304@gmail.com', 'Personal'),
	('b60cec46-af07-4760-973b-f60ffbbdb152', 'vincent.matont@hotmail.it', 'Personal'),
	('2ab0aeb0-c8e9-4df9-b32b-7a10dd18dbb6', 'iandurkin14@gmail.com', 'Personal'),
	('ff1396ea-664c-4c80-b654-2136da431207', 'Maximé Petit', 'Team'),
	('54e863f2-e4ee-46bf-b827-fca83c351553', 'yagoferretti@gmail.com', 'Personal'),
	('e88bd223-ed21-4722-8dcb-420453caeab6', 'arnava1304@gmail.com', 'Personal'),
	('72e47938-1abf-4570-a521-8dcf90af24fd', 'google@android.com', 'Personal'),
	('9135f578-6e1c-4e43-82fe-8bc170da360b', 'maximepetitpatisserie@gmail.com', 'Personal'),
	('7599ce8e-26ae-49fb-b29f-50c9823f7bb0', '6cc4zpwnkv@privaterelay.appleid.com', 'Personal'),
	('bdc44a77-6aaf-4039-bb52-d853fdff2364', 'chris.maniakis@gmail.com', 'Personal');


--
-- Data for Name: menu_section; Type: TABLE DATA; Schema: public; Owner: postgres
--

INSERT INTO "public"."menu_section" ("menu_section_id", "name", "kitchen_id") VALUES
	('c57eac67-eec9-4ad3-b6a0-069b5e804812', 'prueba', 'bc493ac0-8ecd-46f2-a7bc-b5b96c323bf6'),
	('985230c3-1027-49a8-b15a-3e3171b19412', 'Frío', 'dc9ed5aa-54c9-4df5-b9a4-959e71a39ef8'),
	('e9248f49-a61a-4c38-a693-ee0e08fb8442', 'Food', 'ff3f850e-a473-43d9-9520-a9959be26dbd'),
	('34e533f4-fc06-4631-b356-151bd9ad9b0a', 'Antipasti', 'b6fac464-1cb7-4474-b109-917fa33d5d54'),
	('f195b1a3-91c7-48b0-b5b4-63cead27976e', 'Primi', 'b6fac464-1cb7-4474-b109-917fa33d5d54'),
	('9a50c278-3cf8-4172-ba9a-72b4b8afc54b', 'Secondi', 'b6fac464-1cb7-4474-b109-917fa33d5d54'),
	('617d1790-567e-4499-816e-4f38907279ab', 'Calientes', '2010da74-6360-44c5-9b63-db0cd17a6530'),
	('8838f9c3-ad70-4547-9f23-8ec7db1fce46', 'Partida de fríos', '2010da74-6360-44c5-9b63-db0cd17a6530'),
	('6f3244b8-d18e-4531-ac6a-b3021f5e7f51', 'Ajax recipes', '2ab0aeb0-c8e9-4df9-b32b-7a10dd18dbb6'),
	('a1f49f4f-80a6-423b-91d0-ed01bd478d17', 'Choi of cooking', '2ab0aeb0-c8e9-4df9-b32b-7a10dd18dbb6'),
	('15ae3d5c-0205-4b58-b0d7-0f848c46c997', 'Recetas base', 'ff1396ea-664c-4c80-b654-2136da431207'),
	('5dbb7c46-0a8a-48c7-9ae4-acc25f47da80', 'Main', '816f8fdb-fedd-4e6e-899b-9c98513e49c5'),
	('41526fa4-7646-4001-8641-7d33269afac1', 'Pastry', '816f8fdb-fedd-4e6e-899b-9c98513e49c5'),
	('152ef984-df87-491f-9034-0ef3f472fb93', 'Primi', '0af56a9e-60df-4893-91df-68b738e86822'),
	('21e104b3-a875-40a7-b3d7-2221c2e9bb88', 'Appetiser', '816f8fdb-fedd-4e6e-899b-9c98513e49c5');


--
-- Data for Name: units; Type: TABLE DATA; Schema: public; Owner: postgres
--

INSERT INTO "public"."units" ("unit_id", "unit_name", "system", "abbreviation", "measurement_type") VALUES
	('0715a344-20c6-4caf-b353-f08503930af5', 'Pieces', NULL, 'x', 'count'),
	('171a6522-4c26-44d0-9f0b-716086bafaf8', 'Teaspoon', 'imperial', 'tsp', 'volume'),
	('2d599b54-07b8-472b-ab32-a99d356a86da', 'Pound', 'imperial', 'lb', 'weight'),
	('68f740e8-9a2c-4a28-a49d-3b23b1f87521', 'Ounce', 'imperial', 'oz', 'weight'),
	('a23c6850-79bd-44de-8310-8c1d05e83c0b', 'Liter', 'metric', 'L', 'volume'),
	('b0a87686-8313-4bba-a8b0-47ab5fdbc15b', 'Kilogram', 'metric', 'kg', 'weight'),
	('5ed92eb3-c2b8-4063-a88c-42373f632c1c', 'Milliliter', 'metric', 'mL', 'volume'),
	('3190b927-4f0a-4bab-bf06-00df3026fd22', 'Cup', 'imperial', 'cup', 'volume'),
	('d60e4ba8-d2b7-45af-ae48-1154b2dacc08', 'Gram', 'metric', 'g', 'weight'),
	('d90fd291-a158-49ac-96b8-505c58ffc6f2', 'Tablespoon', 'imperial', 'tbsp', 'volume'),
	('4204e5f8-5272-4114-bbb9-49975131dcee', 'Milligram', 'metric', 'mg', 'weight'),
	('13bcd39d-c167-4edc-902e-6b61443e7986', 'Preparation', NULL, '', 'preparation');


--
-- Data for Name: dishes; Type: TABLE DATA; Schema: public; Owner: postgres
--

INSERT INTO "public"."dishes" ("dish_id", "menu_section_id", "dish_name", "total_time", "serving_size", "cooking_notes", "serving_unit_id", "serving_item", "directions", "num_servings", "kitchen_id", "created_at", "updated_at", "image_updated_at") VALUES
	('412dc85f-1d16-463e-9de1-59d1317193fe', 'f195b1a3-91c7-48b0-b5b4-63cead27976e', 'Spaghetti Pomodoro e basilico', '00:20:00', 90, NULL, 'd60e4ba8-d2b7-45af-ae48-1154b2dacc08', NULL, '{"Mettere l''acqua a bollire.","Schiacciare 2 spicchi di aglio.","Aggiungere 3 cucchiai di olio quando l''olio è bollente.","Aggiungere il pomodoro.","Mettere gli spaghetti nell''acqua (11 minuti).","Aggiungere il basilico nel pomodoro (tritato o intero).","Quando è lista e cotta il sugo è pronto.","Mescolare con mezzo mestolo di acqua della pasta e un po'' di burro."}', 1, 'b6fac464-1cb7-4474-b109-917fa33d5d54', '2025-07-12 13:17:52.825793+00', '2025-07-12 13:18:18.481483+00', '2025-07-12 13:18:18.380561+00'),
	('a466ddc5-4cc3-4bb3-aea9-b60df3ee2346', NULL, 'Chocolate Tart', '00:30:00', 100, NULL, 'd60e4ba8-d2b7-45af-ae48-1154b2dacc08', NULL, NULL, 1, 'bdc44a77-6aaf-4039-bb52-d853fdff2364', '2025-08-03 17:49:40.916354+00', '2025-08-03 17:49:40.916354+00', NULL),
	('046cf913-50c9-43b8-b2d8-ff483fffa7a6', NULL, 'H. Mató', '00:30:00', 1, NULL, '0715a344-20c6-4caf-b353-f08503930af5', NULL, '{"Preparar la mezcla según las instrucciones anteriores."}', 1, 'dc9ed5aa-54c9-4df5-b9a4-959e71a39ef8', '2025-07-10 17:03:06.047304+00', '2025-07-10 17:05:57.680839+00', '2025-07-10 17:04:03.497378+00'),
	('c71a2128-59a7-4e9e-8ae3-6a51e7f2234f', 'a1f49f4f-80a6-423b-91d0-ed01bd478d17', 'Korean Ssamjang Dip', '00:10:00', 1, 'You can serve this dip with raw vegetables or use it as a dip for Korean-style steamed dishes.', '3190b927-4f0a-4bab-bf06-00df3026fd22', NULL, '{"In a blender, combine the jalapeño, gochujang, doenjang or white miso paste, garlic, scallions, soy sauce, sesame oil, rice vinegar, and sugar (if using). Blend until smooth.","Taste and adjust the seasoning as needed.","Serve with raw vegetables."}', 1, '2ab0aeb0-c8e9-4df9-b32b-7a10dd18dbb6', '2025-07-24 11:23:48.510377+00', '2025-07-24 11:30:31.426618+00', NULL),
	('867e34f8-3673-4360-aa53-4e688090017a', '8838f9c3-ad70-4547-9f23-8ec7db1fce46', 'Leek, Leek', '01:30:00', 1, NULL, '0715a344-20c6-4caf-b353-f08503930af5', NULL, '{"Serve poached leek with leek sauce and cauliflower foam."}', 1, '2010da74-6360-44c5-9b63-db0cd17a6530', '2025-07-23 14:56:17.584247+00', '2025-08-04 08:23:46.431674+00', NULL),
	('ba462224-d3f6-4d91-922a-327a53207132', NULL, 'Roasted Butternut Squash Soup', '00:40:00', 250, 'Save all leftover peels and trimmings from the carrots, onion, and garlic for later use.', '5ed92eb3-c2b8-4063-a88c-42373f632c1c', NULL, '{"Preheat the oven to 200°C (392°F).","Cut the butternut squash in half lengthwise, remove the seeds (set them aside for later), and roast skin side down.","Peel and chop carrots, onion, and garlic.","Drizzle olive oil, season with salt and pepper, and roast veggies for 45-50 minutes.","Dice a portion of roasted butternut squash for Butternut Squash Risotto & save for recipe 7.","Roast leftover butternut squash seeds for 10-15 minutes.","Blend roasted vegetables until smooth, adjusting consistency with broth or water.","Heat soup in a pot, season to taste, and serve hot with roasted seeds and olive oil garnish."}', 1, '816f8fdb-fedd-4e6e-899b-9c98513e49c5', '2025-07-09 15:08:40.543797+00', '2025-07-12 22:25:46.798778+00', '2025-07-12 22:25:46.765772+00'),
	('3e0ca4d0-ccf2-4bc4-934f-b632c2381860', NULL, 'Tuna Ratatouille', '00:30:00', 250, NULL, 'd60e4ba8-d2b7-45af-ae48-1154b2dacc08', NULL, '{"Fry the aubergines and onions until caramelised.","Separate from the pan.","Fry red pepper - separate.","Fry courgette until all the water has gone - should be browned.","Bring everything together in the same pan, add herbs and cook with tomato puree.","When everything is integrated, add the tuna and leave to simmer - covered.","Add fresh basil and serve on a bed of rice."}', 1, '2010da74-6360-44c5-9b63-db0cd17a6530', '2025-07-16 15:59:46.692832+00', '2025-07-18 08:35:17.238728+00', '2025-07-16 16:00:18.446075+00'),
	('57159ab4-f635-4158-afb9-18a7854fa0a3', 'e9248f49-a61a-4c38-a693-ee0e08fb8442', 'Crispy Fish Sticks with Mushy Peas', '00:30:00', 4, 'Ensure fish sticks are golden and crispy.', '0715a344-20c6-4caf-b353-f08503930af5', NULL, '{"Serve crispy fish sticks with mushy peas."}', 1, 'ff3f850e-a473-43d9-9520-a9959be26dbd', '2025-07-11 10:53:04.228393+00', '2025-07-11 10:54:19.035536+00', '2025-07-11 10:53:49.102491+00'),
	('76d10c78-8ee0-4998-a849-530a834a8a5b', '5dbb7c46-0a8a-48c7-9ae4-acc25f47da80', 'Leek, Leek', '01:00:00', 1, NULL, '0715a344-20c6-4caf-b353-f08503930af5', 'leek', '{"Poach the leeks in white stock and miso until soft.","Make cauliflower foam by cooking cauliflower in butter, blending with cream, and straining.","Prepare leaf sauce by boiling green stems from leek in water, blending, and reducing.","Serve poached leeks with cauliflower foam and leaf sauce."}', 1, '816f8fdb-fedd-4e6e-899b-9c98513e49c5', '2025-07-09 15:06:55.579716+00', '2025-08-01 13:22:05.620759+00', '2025-07-19 20:13:04.356626+00'),
	('f9c8c0a2-f754-4dd8-9a37-73a7157930e5', NULL, 'Tartas saladas de tarín', '00:15:00', 1, NULL, '0715a344-20c6-4caf-b353-f08503930af5', NULL, '{"Preheat the oven to 180 degrees.","Prepare the ingredients: cherry tomatoes, olive oil, balsamic vinegar, Italian spice mix, puff pastry, burrata, basil.","Bake the tart for 15 minutes.","Assemble the tart with the prepared ingredients."}', 1, '2010da74-6360-44c5-9b63-db0cd17a6530', '2025-07-11 18:42:55.276421+00', '2025-07-18 08:35:20.131339+00', '2025-07-11 18:43:53.156017+00'),
	('0d16c807-a8eb-4cc6-ae5a-05f5660dbb45', NULL, 'Cauliflower Shepherd''s Pie', '00:50:00', 1, 'Vegan and Vegetarian: Use cooked lentils instead of ground meat.', '0715a344-20c6-4caf-b353-f08503930af5', 'serving', '{"Preheat oven to 350°F (177°C).","Transfer the meat mixture to a casserole or pie dish and distribute into an even layer.","Top with the cauliflower mash and spread it evenly across the top.","Place in the oven and bake for 20 minutes.","Turn the oven to a low broil and broil for 10 minutes or until golden.","Remove from oven and serve."}', 1, '816f8fdb-fedd-4e6e-899b-9c98513e49c5', '2025-07-09 17:58:46.731631+00', '2025-07-18 09:51:35.66986+00', NULL),
	('16e22247-3123-4861-9070-be06f7b08736', '617d1790-567e-4499-816e-4f38907279ab', 'Smashed Cucumber Salad', '01:00:00', 1, 'Let the salad sit in the fridge for at least an hour before eating.', '0715a344-20c6-4caf-b353-f08503930af5', 'serving', '{"Let the salad sit in the fridge for at least an hour before eating.","Sprinkle the coriander leaves on top and serve."}', 1, '2010da74-6360-44c5-9b63-db0cd17a6530', '2025-07-23 08:18:17.021486+00', '2025-07-23 08:18:17.021486+00', NULL),
	('edf4e27d-db63-4dcf-9d95-af4df6ddaf20', '8838f9c3-ad70-4547-9f23-8ec7db1fce46', 'Leau, leau', '01:30:00', 1, NULL, '0715a344-20c6-4caf-b353-f08503930af5', NULL, '{"Serve the poached leau with leau sauce and cauliflower foam."}', 1, '2010da74-6360-44c5-9b63-db0cd17a6530', '2025-07-23 08:16:05.838753+00', '2025-07-23 14:36:02.568172+00', '2025-07-23 08:17:17.666084+00'),
	('74c79adc-1130-4e88-a8e1-5900dac84be7', '41526fa4-7646-4001-8641-7d33269afac1', 'Tiramisù', '02:30:00', 1, NULL, '0715a344-20c6-4caf-b353-f08503930af5', NULL, '{"Once ready, get a generous spoon of cream for the base of your tiramisù in a baking dish size around 30x20 cm.","Soak for few seconds the savoiardi biscuits both sides into the coffee already cold and sweetened as you prefer.","Distribute the soaked savoiardi on the top of the cream, all in the same direction and level.","Add again on the top the cream, then the savoiardi and keep going on the same till you will made the layers that you like.","Give more attention on the last layer of cream, since will be the presentation of your tiramisù.","Put on the top the bitter cocoa powder.","Put the tiramisù in the fridge for at least a couple of hours."}', 1, '816f8fdb-fedd-4e6e-899b-9c98513e49c5', '2025-07-09 02:13:37.763633+00', '2025-08-01 18:38:51.598359+00', '2025-08-01 18:38:51.502654+00'),
	('8ee812fc-f52f-488d-98d0-af4b1fea16d3', NULL, 'Eclair Tiramisú', '02:00:00', 1, NULL, '0715a344-20c6-4caf-b353-f08503930af5', NULL, '{"Prepare choux pastry and pipe into éclairs.","Bake until golden.","Fill with coffee cremoso.","Top with bizcocho terengue."}', 1, 'ff1396ea-664c-4c80-b654-2136da431207', '2025-07-31 13:20:20.058385+00', '2025-07-31 13:33:21.480341+00', NULL);


--
-- Data for Name: ingredients; Type: TABLE DATA; Schema: public; Owner: postgres
--

INSERT INTO "public"."ingredients" ("name", "ingredient_id", "created_at", "updated_at", "kitchen_id") VALUES
	('leek', 'c70f8b84-19ee-4146-b7db-732a2258ba73', '2025-07-09 02:12:42.428506+00', '2025-07-09 02:12:42.428506+00', '816f8fdb-fedd-4e6e-899b-9c98513e49c5'),
	('white miso', '5f9b0714-f3dc-4720-89ac-0ed7cbdcca8c', '2025-07-09 02:12:43.00231+00', '2025-07-09 02:12:43.00231+00', '816f8fdb-fedd-4e6e-899b-9c98513e49c5'),
	('vegetable stock', '718cb336-aad9-4479-bf8d-0bb5e95ce697', '2025-07-09 02:12:43.375935+00', '2025-07-09 02:12:43.375935+00', '816f8fdb-fedd-4e6e-899b-9c98513e49c5'),
	('sal', '4cf07418-720d-4d92-a899-f046df18fdda', '2025-07-10 17:03:03.512875+00', '2025-07-10 17:03:03.512875+00', 'dc9ed5aa-54c9-4df5-b9a4-959e71a39ef8'),
	('butter', '9bb04a06-aa40-4987-83ac-0491a8434617', '2025-07-09 02:12:45.111222+00', '2025-07-09 02:12:45.111222+00', '816f8fdb-fedd-4e6e-899b-9c98513e49c5'),
	('cauliflower', 'bdaadae9-f355-4493-a91b-36fd643d215c', '2025-07-09 02:12:45.42066+00', '2025-07-09 02:12:45.42066+00', '816f8fdb-fedd-4e6e-899b-9c98513e49c5'),
	('cream', 'b5f29b90-d84c-499e-8238-fd37da38fdf8', '2025-07-09 02:12:45.72564+00', '2025-07-09 02:12:45.72564+00', '816f8fdb-fedd-4e6e-899b-9c98513e49c5'),
	('Mezcla de Ingredientes', '8b830d29-ad95-48c9-b352-296d3adaa4dc', '2025-07-10 17:03:03.70126+00', '2025-07-10 17:03:03.70126+00', 'dc9ed5aa-54c9-4df5-b9a4-959e71a39ef8'),
	('eggs', 'a01325d4-5984-4f6a-a35b-0c31ab713060', '2025-07-09 02:13:33.65304+00', '2025-07-09 02:13:33.65304+00', '816f8fdb-fedd-4e6e-899b-9c98513e49c5'),
	('sugar', '4b7e8a5e-3b4b-4816-91eb-36016d019e2a', '2025-07-09 02:13:33.96315+00', '2025-07-09 02:13:33.96315+00', '816f8fdb-fedd-4e6e-899b-9c98513e49c5'),
	('mascarpone cheese', '9e79bee3-d6be-499a-8b87-6df5e7210ab9', '2025-07-09 02:13:34.19661+00', '2025-07-09 02:13:34.19661+00', '816f8fdb-fedd-4e6e-899b-9c98513e49c5'),
	('fish fillets', 'bf4e92df-229e-4b03-91c5-0e195f4ddd0d', '2025-07-11 10:52:55.02502+00', '2025-07-11 10:52:55.02502+00', 'ff3f850e-a473-43d9-9520-a9959be26dbd'),
	('savoiardi biscuits', '450436ad-7471-4e54-b2af-64c395568055', '2025-07-09 02:13:35.628432+00', '2025-07-09 02:13:35.628432+00', '816f8fdb-fedd-4e6e-899b-9c98513e49c5'),
	('coffee', '2d919b4b-9cd4-4f1a-bbb9-74e8054d2049', '2025-07-09 02:13:36.1054+00', '2025-07-09 02:13:36.1054+00', '816f8fdb-fedd-4e6e-899b-9c98513e49c5'),
	('Coffee', '214ea2d4-b92a-4b78-af05-7e09f66f5461', '2025-07-09 02:13:36.320622+00', '2025-07-09 02:13:36.320622+00', '816f8fdb-fedd-4e6e-899b-9c98513e49c5'),
	('bitter cocoa powder', 'a6e1453b-ff47-4aae-a75a-834f5db40728', '2025-07-09 02:13:37.465593+00', '2025-07-09 02:13:37.465593+00', '816f8fdb-fedd-4e6e-899b-9c98513e49c5'),
	('breadcrumbs', 'beddd9dc-49ad-4245-8840-ae5d15ab0ab2', '2025-07-11 10:52:55.402942+00', '2025-07-11 10:52:55.402942+00', 'ff3f850e-a473-43d9-9520-a9959be26dbd'),
	('eggs', '133a5f1a-d51b-4f5d-bd6e-53fbb72b2bb6', '2025-07-11 10:52:55.720445+00', '2025-07-11 10:52:55.720445+00', 'ff3f850e-a473-43d9-9520-a9959be26dbd'),
	('flour', '08a9337d-9917-4239-bce5-08ce58a716ae', '2025-07-11 10:52:56.0758+00', '2025-07-11 10:52:56.0758+00', 'ff3f850e-a473-43d9-9520-a9959be26dbd'),
	('butternut squash', 'c4d5cb44-41a8-494f-8f45-05f02176e955', '2025-07-09 15:08:37.20269+00', '2025-07-09 15:08:37.20269+00', '816f8fdb-fedd-4e6e-899b-9c98513e49c5'),
	('carrots', '0a88f9ef-a895-4b30-9010-98d0f6c4785a', '2025-07-09 15:08:38.159913+00', '2025-07-09 15:08:38.159913+00', '816f8fdb-fedd-4e6e-899b-9c98513e49c5'),
	('onion', '89347441-ded6-4758-8563-d7e6d4428c15', '2025-07-09 15:08:38.57684+00', '2025-07-09 15:08:38.57684+00', '816f8fdb-fedd-4e6e-899b-9c98513e49c5'),
	('garlic', 'aaa6c03d-ea1c-4dcf-ad39-0197f03cc63b', '2025-07-09 15:08:39.079105+00', '2025-07-09 15:08:39.079105+00', '816f8fdb-fedd-4e6e-899b-9c98513e49c5'),
	('olive oil', 'a907c585-f9cc-4d1b-9a72-bdb9182e0562', '2025-07-09 15:08:39.45781+00', '2025-07-09 15:08:39.45781+00', '816f8fdb-fedd-4e6e-899b-9c98513e49c5'),
	('salt', '2670f74a-9c4a-40b1-976f-ac4f88cb501d', '2025-07-09 15:08:39.853834+00', '2025-07-09 15:08:39.853834+00', '816f8fdb-fedd-4e6e-899b-9c98513e49c5'),
	('pepper', '958d5830-ad7f-4108-afa7-d624f1b356cd', '2025-07-09 15:08:40.262932+00', '2025-07-09 15:08:40.262932+00', '816f8fdb-fedd-4e6e-899b-9c98513e49c5'),
	('salt', '37935488-601e-4b74-a2d8-b0f460feeec9', '2025-07-11 10:52:56.558452+00', '2025-07-11 10:52:56.558452+00', 'ff3f850e-a473-43d9-9520-a9959be26dbd'),
	('Mascarpone Cream', 'd5c97843-b2e2-4b7d-9332-2a239387a136', '2025-07-09 02:13:34.365226+00', '2025-07-09 02:13:34.365226+00', '816f8fdb-fedd-4e6e-899b-9c98513e49c5'),
	('extra lean ground turkey', '8dfdeaa4-2661-4c7e-9f06-366d20d65403', '2025-07-09 15:57:42.411084+00', '2025-07-09 15:57:42.411084+00', '816f8fdb-fedd-4e6e-899b-9c98513e49c5'),
	('yellow onion', '0963cc2e-e17b-4646-88a3-41a17b181adb', '2025-07-09 15:57:42.839304+00', '2025-07-09 15:57:42.839304+00', '816f8fdb-fedd-4e6e-899b-9c98513e49c5'),
	('mushrooms', '3a5d30f3-e349-4581-af3a-a3ef7f0c54b8', '2025-07-09 15:57:43.256466+00', '2025-07-09 15:57:43.256466+00', '816f8fdb-fedd-4e6e-899b-9c98513e49c5'),
	('celery', '4cc59132-7397-4fa3-82e6-6033720d0743', '2025-07-09 15:57:43.629509+00', '2025-07-09 15:57:43.629509+00', '816f8fdb-fedd-4e6e-899b-9c98513e49c5'),
	('italian seasoning', '3ac6f64e-26ad-46a0-be41-ee7f045774f0', '2025-07-09 15:57:44.061559+00', '2025-07-09 15:57:44.061559+00', '816f8fdb-fedd-4e6e-899b-9c98513e49c5'),
	('sea salt', 'b3ac9df1-f21b-42dc-8bee-274d7f5286eb', '2025-07-09 15:57:44.442137+00', '2025-07-09 15:57:44.442137+00', '816f8fdb-fedd-4e6e-899b-9c98513e49c5'),
	('extra virgin olive oil', '8206414f-d29c-4767-98b9-37d4562f3355', '2025-07-09 15:57:44.792844+00', '2025-07-09 15:57:44.792844+00', '816f8fdb-fedd-4e6e-899b-9c98513e49c5'),
	('pepper', 'b76e181a-fa94-4d2f-ab08-1d94a7da9692', '2025-07-11 10:52:56.834057+00', '2025-07-11 10:52:56.834057+00', 'ff3f850e-a473-43d9-9520-a9959be26dbd'),
	('Turkey and Vegetable Mixture', 'b579f6f2-278e-4690-bc76-1d64e83f9eaf', '2025-07-09 15:57:44.977713+00', '2025-07-09 15:57:44.977713+00', '816f8fdb-fedd-4e6e-899b-9c98513e49c5'),
	('Sugo di Pomodoro e Basilico', 'c8200eb7-6285-42a2-af93-f50e51cf7858', '2025-07-12 13:17:51.182492+00', '2025-07-12 13:17:51.182492+00', 'b6fac464-1cb7-4474-b109-917fa33d5d54'),
	('aubergine', '6129e64e-5212-4a36-9b99-da8e19048adc', '2025-07-16 15:59:41.68982+00', '2025-07-16 15:59:41.68982+00', '2010da74-6360-44c5-9b63-db0cd17a6530'),
	('leau', 'ebe6d882-3484-4b74-ac87-cf21ba2c92a1', '2025-07-23 08:15:58.503371+00', '2025-07-23 08:15:58.503371+00', '2010da74-6360-44c5-9b63-db0cd17a6530'),
	('Cauliflower Mash', '436e84a1-b015-4d80-8099-101f9a568a72', '2025-07-09 15:57:48.485195+00', '2025-07-09 15:57:48.485195+00', '816f8fdb-fedd-4e6e-899b-9c98513e49c5'),
	('leche', '80e6120b-a237-42d1-9083-71df2765adfd', '2025-07-10 17:03:01.384512+00', '2025-07-10 17:03:01.384512+00', 'dc9ed5aa-54c9-4df5-b9a4-959e71a39ef8'),
	('Crispy Fish Sticks', '936b3fe1-8afa-42b8-b44a-17a9bd4c429d', '2025-07-11 10:52:56.97463+00', '2025-07-11 10:52:56.97463+00', 'ff3f850e-a473-43d9-9520-a9959be26dbd'),
	('frozen peas', '5fb46bc4-9ebb-404b-8abb-aea24ddfca43', '2025-07-11 10:52:58.830871+00', '2025-07-11 10:52:58.830871+00', 'ff3f850e-a473-43d9-9520-a9959be26dbd'),
	('nata', '7887ed5a-14a6-4139-ae99-a10d7dde3698', '2025-07-10 17:03:01.767732+00', '2025-07-10 17:03:01.767732+00', 'dc9ed5aa-54c9-4df5-b9a4-959e71a39ef8'),
	('dextrosa', '85e9ac1d-f90e-4245-bccd-f6bcdfe895a8', '2025-07-10 17:03:02.126533+00', '2025-07-10 17:03:02.126533+00', 'dc9ed5aa-54c9-4df5-b9a4-959e71a39ef8'),
	('azúcares', 'dcbfcacc-14ef-40e5-9e71-82b2ebdde77e', '2025-07-10 17:03:02.47557+00', '2025-07-10 17:03:02.47557+00', 'dc9ed5aa-54c9-4df5-b9a4-959e71a39ef8'),
	('mató', 'a91ce3b0-e5c6-4c75-9291-ee4dfd652829', '2025-07-10 17:03:02.814567+00', '2025-07-10 17:03:02.814567+00', 'dc9ed5aa-54c9-4df5-b9a4-959e71a39ef8'),
	('estabilizante', '79a23778-6a71-4c89-9811-d406491c7056', '2025-07-10 17:03:03.156393+00', '2025-07-10 17:03:03.156393+00', 'dc9ed5aa-54c9-4df5-b9a4-959e71a39ef8'),
	('butter', '5dfac492-5371-4855-aa6e-882eaab83b53', '2025-07-11 10:52:59.110536+00', '2025-07-11 10:52:59.110536+00', 'ff3f850e-a473-43d9-9520-a9959be26dbd'),
	('Mushy Peas', 'cb96a6d2-9f6b-48ab-bcef-d35f6d1a54fd', '2025-07-11 10:52:59.671534+00', '2025-07-11 10:52:59.671534+00', 'ff3f850e-a473-43d9-9520-a9959be26dbd'),
	('aplastado o hojaladre', 'b7d6d60f-dfb2-4468-a426-730a38f28137', '2025-07-11 18:42:49.313845+00', '2025-07-11 18:42:49.313845+00', '2010da74-6360-44c5-9b63-db0cd17a6530'),
	('tomates cerises', 'eb04c309-fa18-458c-bf6f-77ea00581aa8', '2025-07-11 18:42:49.678041+00', '2025-07-11 18:42:49.678041+00', '2010da74-6360-44c5-9b63-db0cd17a6530'),
	('aceite de oliva', 'b0f0309c-da4c-4cc2-9075-aea64b2cbdc5', '2025-07-11 18:42:50.017222+00', '2025-07-11 18:42:50.017222+00', '2010da74-6360-44c5-9b63-db0cd17a6530'),
	('vinagre balsámico', '8fc0defc-93b9-4402-8a5f-0d16515a5467', '2025-07-11 18:42:50.920277+00', '2025-07-11 18:42:50.920277+00', '2010da74-6360-44c5-9b63-db0cd17a6530'),
	('mezcla de especias italianas', '871eda3d-625f-47e0-be47-984a13c2c900', '2025-07-11 18:42:51.251189+00', '2025-07-11 18:42:51.251189+00', '2010da74-6360-44c5-9b63-db0cd17a6530'),
	('burrata', '47abb55d-6331-498d-bdcd-63c5d8228b9f', '2025-07-11 18:42:51.603571+00', '2025-07-11 18:42:51.603571+00', '2010da74-6360-44c5-9b63-db0cd17a6530'),
	('basilica', '2830d2f1-563e-49ab-afc7-9feed8003170', '2025-07-11 18:42:51.945725+00', '2025-07-11 18:42:51.945725+00', '2010da74-6360-44c5-9b63-db0cd17a6530'),
	('Tarta de Tarín', 'a6bebce6-5875-46b5-afa1-38f8dcad5932', '2025-07-11 18:42:52.09666+00', '2025-07-11 18:42:52.09666+00', '2010da74-6360-44c5-9b63-db0cd17a6530'),
	('Poached Leek', '7522635d-6321-4529-958e-a76b9198bc14', '2025-07-09 02:12:43.58574+00', '2025-07-09 02:12:43.58574+00', '816f8fdb-fedd-4e6e-899b-9c98513e49c5'),
	('Cauliflower Foam', '4bc9f164-9169-4b0a-bacb-3af5f5c34f27', '2025-07-09 02:12:45.931974+00', '2025-07-09 02:12:45.931974+00', '816f8fdb-fedd-4e6e-899b-9c98513e49c5'),
	('spaghetti', 'e1ff35de-02d2-4453-8241-d1d6f1e9e5e7', '2025-07-12 13:17:48.996685+00', '2025-07-12 13:17:48.996685+00', 'b6fac464-1cb7-4474-b109-917fa33d5d54'),
	('tomato', 'e2da5708-64e2-4e0a-b63b-16d51b6e3b5d', '2025-07-12 13:17:49.642788+00', '2025-07-12 13:17:49.642788+00', 'b6fac464-1cb7-4474-b109-917fa33d5d54'),
	('garlic', 'f046b00a-644f-4dec-84c6-9cee72cdcfe3', '2025-07-12 13:17:49.975109+00', '2025-07-12 13:17:49.975109+00', 'b6fac464-1cb7-4474-b109-917fa33d5d54'),
	('olive oil', '178bc85d-9222-4491-ac9c-0050471d2932', '2025-07-12 13:17:50.419897+00', '2025-07-12 13:17:50.419897+00', 'b6fac464-1cb7-4474-b109-917fa33d5d54'),
	('basil', 'd3959d7b-02f9-4bb2-af9a-7216cabd039f', '2025-07-12 13:17:50.724988+00', '2025-07-12 13:17:50.724988+00', 'b6fac464-1cb7-4474-b109-917fa33d5d54'),
	('butter', '3a5193c0-c7dd-48db-8833-e3579d2eaa9f', '2025-07-12 13:17:51.011636+00', '2025-07-12 13:17:51.011636+00', 'b6fac464-1cb7-4474-b109-917fa33d5d54'),
	('onion', 'f2433b63-cceb-46be-804b-7ddc23231110', '2025-07-16 15:59:42.133678+00', '2025-07-16 15:59:42.133678+00', '2010da74-6360-44c5-9b63-db0cd17a6530'),
	('red pepper', '90d464ea-c8cb-47ed-bd12-074488019576', '2025-07-16 15:59:42.487524+00', '2025-07-16 15:59:42.487524+00', '2010da74-6360-44c5-9b63-db0cd17a6530'),
	('courgette', '1e97ad3d-8702-41ea-bb5c-aeed9c3d95fe', '2025-07-16 15:59:42.78725+00', '2025-07-16 15:59:42.78725+00', '2010da74-6360-44c5-9b63-db0cd17a6530'),
	('tomato puree', '84fbb83a-8012-41f2-a8e9-0873812792e9', '2025-07-16 15:59:43.068769+00', '2025-07-16 15:59:43.068769+00', '2010da74-6360-44c5-9b63-db0cd17a6530'),
	('herbs', 'f855bb96-ac2e-468d-b72c-374d18f4e93e', '2025-07-16 15:59:43.419764+00', '2025-07-16 15:59:43.419764+00', '2010da74-6360-44c5-9b63-db0cd17a6530'),
	('Ratatouille', 'ea042b8b-de67-47b6-9772-8317e43e3947', '2025-07-16 15:59:43.603112+00', '2025-07-16 15:59:43.603112+00', '2010da74-6360-44c5-9b63-db0cd17a6530'),
	('tuna', '9e4e039b-d614-4fd2-8c16-8e56c70b5b32', '2025-07-16 15:59:45.532485+00', '2025-07-16 15:59:45.532485+00', '2010da74-6360-44c5-9b63-db0cd17a6530'),
	('rice', 'dcd7abf1-f67e-4d4b-84d3-d5a0e5a18de8', '2025-07-16 15:59:46.413612+00', '2025-07-16 15:59:46.413612+00', '2010da74-6360-44c5-9b63-db0cd17a6530'),
	('Leek Sauce', 'e5ebfe86-99be-4a62-9468-47ea78f86e05', '2025-07-09 02:12:47.555333+00', '2025-07-09 02:12:47.555333+00', '816f8fdb-fedd-4e6e-899b-9c98513e49c5'),
	('white miso', '68348326-e232-49e5-9c8e-91fae5707c88', '2025-07-23 08:15:59.017843+00', '2025-07-23 08:15:59.017843+00', '2010da74-6360-44c5-9b63-db0cd17a6530'),
	('Poached Leak', '947d36b5-254d-4ef5-8888-277b9069dd9c', '2025-07-23 08:15:59.216809+00', '2025-07-23 08:15:59.216809+00', '2010da74-6360-44c5-9b63-db0cd17a6530'),
	('water', '07931bd6-b137-4b78-9c88-15e29db6b918', '2025-07-23 08:16:01.347927+00', '2025-07-23 08:16:01.347927+00', '2010da74-6360-44c5-9b63-db0cd17a6530'),
	('unsalted butter', '8c7c403d-9f41-4b35-9c09-6d42885775de', '2025-07-23 08:16:01.670729+00', '2025-07-23 08:16:01.670729+00', '2010da74-6360-44c5-9b63-db0cd17a6530'),
	('cauliflower', '4d5f3a64-4759-4050-bee9-3f303dac5e14', '2025-07-23 08:16:03.491086+00', '2025-07-23 08:16:03.491086+00', '2010da74-6360-44c5-9b63-db0cd17a6530'),
	('Leau Sauce', 'b6d6ed01-5ecf-4864-957c-0e6c94d05efa', '2025-07-23 08:16:01.821747+00', '2025-07-23 08:16:01.821747+00', '2010da74-6360-44c5-9b63-db0cd17a6530'),
	('cream', '7f1d81f7-4061-432f-858e-8263da8a5af5', '2025-07-23 08:16:04.20966+00', '2025-07-23 08:16:04.20966+00', '2010da74-6360-44c5-9b63-db0cd17a6530'),
	('cucumber', '2bd52676-be69-4022-9069-bd751ded7d94', '2025-07-23 08:18:09.307608+00', '2025-07-23 08:18:09.307608+00', '2010da74-6360-44c5-9b63-db0cd17a6530'),
	('garlic', '0a095859-92cb-41c1-8c32-40a8c3282b1e', '2025-07-23 08:18:12.28706+00', '2025-07-23 08:18:12.28706+00', '2010da74-6360-44c5-9b63-db0cd17a6530'),
	('chilli', 'f3469000-255c-4a82-8e86-0fa05ebeba32', '2025-07-23 08:18:12.615851+00', '2025-07-23 08:18:12.615851+00', '2010da74-6360-44c5-9b63-db0cd17a6530'),
	('sugar', 'dd982a44-d9f1-437c-a971-7ba5e988ead3', '2025-07-23 08:18:12.965097+00', '2025-07-23 08:18:12.965097+00', '2010da74-6360-44c5-9b63-db0cd17a6530'),
	('rice wine vinegar', '874f6d1c-12de-436b-8f34-2fb681c7240a', '2025-07-23 08:18:13.306107+00', '2025-07-23 08:18:13.306107+00', '2010da74-6360-44c5-9b63-db0cd17a6530'),
	('sesame oil', 'c63df363-d7a2-4b8e-8bd1-333d5781a37d', '2025-07-23 08:18:13.643324+00', '2025-07-23 08:18:13.643324+00', '2010da74-6360-44c5-9b63-db0cd17a6530'),
	('Smashed Cucumber Salad Mixture', '8e48673c-62f8-4eff-b79b-b69c81b45fe9', '2025-07-23 08:18:13.793669+00', '2025-07-23 08:18:13.793669+00', '2010da74-6360-44c5-9b63-db0cd17a6530'),
	('coriander', '4d3130a2-df91-4dbc-aabb-d50bb5c39c89', '2025-07-23 08:18:16.524958+00', '2025-07-23 08:18:16.524958+00', '2010da74-6360-44c5-9b63-db0cd17a6530'),
	('leek', 'da453d68-58d3-4e21-a7b1-a675e90ec8a8', '2025-07-23 14:56:11.203703+00', '2025-07-23 14:56:11.203703+00', '2010da74-6360-44c5-9b63-db0cd17a6530'),
	('vegetable stock', 'bbb9f1f4-ae1d-41c2-b98c-740e94fbb5ae', '2025-07-23 14:56:11.591269+00', '2025-07-23 14:56:11.591269+00', '2010da74-6360-44c5-9b63-db0cd17a6530'),
	('Poached Leek', '334f63f1-619e-4b56-bf78-fa8921ae953b', '2025-07-23 14:56:11.783843+00', '2025-07-23 14:56:11.783843+00', '2010da74-6360-44c5-9b63-db0cd17a6530'),
	('butter', 'b02b19d5-e1bb-44c5-a180-b9b2d94acbb4', '2025-07-23 14:56:15.390907+00', '2025-07-23 14:56:15.390907+00', '2010da74-6360-44c5-9b63-db0cd17a6530'),
	('Leek Sauce', 'b4048a40-484e-4156-b78f-9b100544afd5', '2025-07-23 14:56:15.575753+00', '2025-07-23 14:56:15.575753+00', '2010da74-6360-44c5-9b63-db0cd17a6530'),
	('Cauliflower Foam', '763c72bc-fdfe-4056-b811-8b70748c21f4', '2025-07-23 08:16:04.364273+00', '2025-07-23 08:16:04.364273+00', '2010da74-6360-44c5-9b63-db0cd17a6530'),
	('water', '2439f7b2-bc65-495b-8081-449312930407', '2025-07-24 11:08:10.270696+00', '2025-07-24 11:08:10.270696+00', '2ab0aeb0-c8e9-4df9-b32b-7a10dd18dbb6'),
	('apple cider vinegar', 'bc06aad6-aff0-4ca4-8535-95cd05bc4f2a', '2025-07-24 11:08:10.504788+00', '2025-07-24 11:08:10.504788+00', '2ab0aeb0-c8e9-4df9-b32b-7a10dd18dbb6'),
	('salt', 'ec35f115-3d63-4e12-94a8-6dd1c22beec4', '2025-07-24 11:08:10.649258+00', '2025-07-24 11:08:10.649258+00', '2ab0aeb0-c8e9-4df9-b32b-7a10dd18dbb6'),
	('yellow mustard seed', 'c2d969e8-2667-4066-bd05-dca75d0f007f', '2025-07-24 11:08:10.764748+00', '2025-07-24 11:08:10.764748+00', '2ab0aeb0-c8e9-4df9-b32b-7a10dd18dbb6'),
	('black peppercorn', '0eca83bc-aef2-4149-bde4-e18024b2c56a', '2025-07-24 11:08:10.927226+00', '2025-07-24 11:08:10.927226+00', '2ab0aeb0-c8e9-4df9-b32b-7a10dd18dbb6'),
	('red chili flakes', '3992d161-1033-4c27-9376-88370cda94f8', '2025-07-24 11:08:11.048423+00', '2025-07-24 11:08:11.048423+00', '2ab0aeb0-c8e9-4df9-b32b-7a10dd18dbb6'),
	('shallot', '2f2f6ceb-d34f-4f41-b61e-4b91d6d0e992', '2025-07-24 11:08:11.185613+00', '2025-07-24 11:08:11.185613+00', '2ab0aeb0-c8e9-4df9-b32b-7a10dd18dbb6'),
	('garlic', '4adacd16-bf40-41d9-84c8-d3e07f544771', '2025-07-24 11:08:11.39047+00', '2025-07-24 11:08:11.39047+00', '2ab0aeb0-c8e9-4df9-b32b-7a10dd18dbb6'),
	('dill', '1015d290-9436-4831-871f-ad69ab0aff33', '2025-07-24 11:08:11.519702+00', '2025-07-24 11:08:11.519702+00', '2ab0aeb0-c8e9-4df9-b32b-7a10dd18dbb6'),
	('Pickling Liquid', 'fa1bdca2-c244-48a5-b3ab-a1f16562677c', '2025-07-24 11:08:11.584813+00', '2025-07-24 11:08:11.584813+00', '2ab0aeb0-c8e9-4df9-b32b-7a10dd18dbb6'),
	('cucumber', '5a38c103-ba16-49ef-8d44-ab55db9de90b', '2025-07-24 11:08:27.702411+00', '2025-07-24 11:08:27.702411+00', '2ab0aeb0-c8e9-4df9-b32b-7a10dd18dbb6'),
	('jalapeño', '548f2f4a-a023-4947-99c7-f03e156632f2', '2025-07-24 11:23:46.645964+00', '2025-07-24 11:23:46.645964+00', '2ab0aeb0-c8e9-4df9-b32b-7a10dd18dbb6'),
	('gochujang', '821a10e4-1dd5-4d9e-a036-655af28cff98', '2025-07-24 11:23:46.873529+00', '2025-07-24 11:23:46.873529+00', '2ab0aeb0-c8e9-4df9-b32b-7a10dd18dbb6'),
	('doenjang', '400c76f3-35af-4dca-adf0-c5e6764b6cde', '2025-07-24 11:23:47.027521+00', '2025-07-24 11:23:47.027521+00', '2ab0aeb0-c8e9-4df9-b32b-7a10dd18dbb6'),
	('scallions', 'e79ec050-3aae-4b9d-88eb-3ad5fee3e542', '2025-07-24 11:23:47.154932+00', '2025-07-24 11:23:47.154932+00', '2ab0aeb0-c8e9-4df9-b32b-7a10dd18dbb6'),
	('soy sauce', 'f7adbec0-9c31-4f34-a6de-c0ffdad96ce6', '2025-07-24 11:23:47.245117+00', '2025-07-24 11:23:47.245117+00', '2ab0aeb0-c8e9-4df9-b32b-7a10dd18dbb6'),
	('sesame oil', 'f7a837e1-8a6f-44e7-aa09-3890dbae8810', '2025-07-24 11:23:47.345461+00', '2025-07-24 11:23:47.345461+00', '2ab0aeb0-c8e9-4df9-b32b-7a10dd18dbb6'),
	('rice vinegar', '25376124-9462-4d1f-81cc-9b3b7e09b1f5', '2025-07-24 11:23:47.464627+00', '2025-07-24 11:23:47.464627+00', '2ab0aeb0-c8e9-4df9-b32b-7a10dd18dbb6'),
	('sugar', '3a40248d-334b-485a-87d6-24de429d7d50', '2025-07-24 11:23:47.578235+00', '2025-07-24 11:23:47.578235+00', '2ab0aeb0-c8e9-4df9-b32b-7a10dd18dbb6'),
	('Ssamjang Dip', 'cf03a865-782a-43bf-a7ed-fdf339aef463', '2025-07-24 11:23:47.627998+00', '2025-07-24 11:23:47.627998+00', '2ab0aeb0-c8e9-4df9-b32b-7a10dd18dbb6'),
	('mascarpone', 'f2ac327b-6abc-4313-9b21-576cc214f92e', '2025-07-31 13:12:20.137614+00', '2025-07-31 13:12:20.137614+00', 'ff1396ea-664c-4c80-b654-2136da431207'),
	('gelatina', '946f20c4-8fde-4f03-95e0-b028770c1478', '2025-07-31 13:12:20.591059+00', '2025-07-31 13:12:20.591059+00', 'ff1396ea-664c-4c80-b654-2136da431207'),
	('Mezcla de Mascarpone y Gelatina', 'eba91d21-3ae0-4b0f-aae6-ed99f4d1694e', '2025-07-31 13:12:20.716792+00', '2025-07-31 13:12:20.716792+00', 'ff1396ea-664c-4c80-b654-2136da431207'),
	('nata', '5994d39d-5274-43c7-a5a5-12ac3856aa58', '2025-07-31 13:12:22.276047+00', '2025-07-31 13:12:22.276047+00', 'ff1396ea-664c-4c80-b654-2136da431207'),
	('azúcar', '08b51058-971e-4f60-86c7-6374238ef989', '2025-07-31 13:12:22.599707+00', '2025-07-31 13:12:22.599707+00', 'ff1396ea-664c-4c80-b654-2136da431207'),
	('Mezcla de Nata y Azúcar', '03b059cf-caf7-413e-9313-a52e546f2908', '2025-07-31 13:12:22.731877+00', '2025-07-31 13:12:22.731877+00', 'ff1396ea-664c-4c80-b654-2136da431207'),
	('agua', 'b139ae68-e456-4b97-8955-58cf4cdf0f3e', '2025-07-31 13:20:10.18497+00', '2025-07-31 13:20:10.18497+00', 'ff1396ea-664c-4c80-b654-2136da431207'),
	('leche', 'b4e15865-667f-4760-ae0f-80f45313a4ed', '2025-07-31 13:20:10.486438+00', '2025-07-31 13:20:10.486438+00', 'ff1396ea-664c-4c80-b654-2136da431207'),
	('mantequilla', '60a34f12-ffb2-4de9-a9e8-3bcea79796f7', '2025-07-31 13:20:10.927492+00', '2025-07-31 13:20:10.927492+00', 'ff1396ea-664c-4c80-b654-2136da431207'),
	('harina', 'a9386b71-639e-4267-b41c-c7175894ff15', '2025-07-31 13:20:11.190656+00', '2025-07-31 13:20:11.190656+00', 'ff1396ea-664c-4c80-b654-2136da431207'),
	('huevos', 'c8b289fb-6860-4f07-946c-204d705ec7b7', '2025-07-31 13:20:11.490679+00', '2025-07-31 13:20:11.490679+00', 'ff1396ea-664c-4c80-b654-2136da431207'),
	('sal fina', '56c584ad-adc5-4a5f-897e-78d17d0364f7', '2025-07-31 13:20:11.806051+00', '2025-07-31 13:20:11.806051+00', 'ff1396ea-664c-4c80-b654-2136da431207'),
	('Pasta Choux', 'a9a63d8d-437a-4d5b-a580-cb4d5534b972', '2025-07-31 13:20:12.254749+00', '2025-07-31 13:20:12.254749+00', 'ff1396ea-664c-4c80-b654-2136da431207'),
	('cuajada', '9fff95bc-f887-4766-8a96-40e985b5758a', '2025-07-31 13:20:14.337544+00', '2025-07-31 13:20:14.337544+00', 'ff1396ea-664c-4c80-b654-2136da431207'),
	('yema de huevo', '248eba5c-0253-4306-873c-05764c5397c9', '2025-07-31 13:20:14.915383+00', '2025-07-31 13:20:14.915383+00', 'ff1396ea-664c-4c80-b654-2136da431207'),
	('maizena', '9d8e2e18-e8c7-4fa3-b2bd-885732d380f4', '2025-07-31 13:20:15.222821+00', '2025-07-31 13:20:15.222821+00', 'ff1396ea-664c-4c80-b654-2136da431207'),
	('Bizcocho Terengue', '0688ba42-e321-42b1-a29e-78a38ce7825f', '2025-07-31 13:20:15.644223+00', '2025-07-31 13:20:15.644223+00', 'ff1396ea-664c-4c80-b654-2136da431207'),
	('dulcey', 'a34b8c0b-0f0a-4bd2-af38-1ff73c55b3f1', '2025-07-31 13:20:18.247804+00', '2025-07-31 13:20:18.247804+00', 'ff1396ea-664c-4c80-b654-2136da431207'),
	('Cremoso de Café', '7599c056-95fc-46b1-9e2a-162bcecb00e2', '2025-07-31 13:20:18.39015+00', '2025-07-31 13:20:18.39015+00', 'ff1396ea-664c-4c80-b654-2136da431207'),
	('Vainilla', 'ae82dce6-4929-4b83-83c7-5e8fb0444228', '2025-07-31 13:31:21.789068+00', '2025-07-31 13:31:21.789068+00', 'ff1396ea-664c-4c80-b654-2136da431207'),
	('Nata fría', '80b8437e-6d8d-42ce-96c2-3c7c7b946418', '2025-07-31 13:31:52.229472+00', '2025-07-31 13:31:52.229472+00', 'ff1396ea-664c-4c80-b654-2136da431207'),
	('Crema Mascarpone', '4f74e07a-9099-43b8-8237-328da52def00', '2025-07-31 13:31:52.440408+00', '2025-07-31 13:33:15.654943+00', 'ff1396ea-664c-4c80-b654-2136da431207'),
	('leek greens', '38e30063-2710-41d7-ade2-57883db76ffb', '2025-08-01 13:22:03.256483+00', '2025-08-01 13:22:03.256483+00', '816f8fdb-fedd-4e6e-899b-9c98513e49c5'),
	('water', '4d2150da-8fb6-4740-b093-0255b5305f8f', '2025-08-01 13:22:03.588465+00', '2025-08-01 13:22:03.588465+00', '816f8fdb-fedd-4e6e-899b-9c98513e49c5'),
	('Leaf Sauce', '096fce76-eb2a-4fca-a30e-466e90c7347c', '2025-08-01 13:22:03.740405+00', '2025-08-01 13:22:03.740405+00', '816f8fdb-fedd-4e6e-899b-9c98513e49c5');


--
-- Data for Name: dish_components; Type: TABLE DATA; Schema: public; Owner: postgres
--

INSERT INTO "public"."dish_components" ("dish_id", "ingredient_id", "unit_id", "amount", "created_at", "updated_at", "piece_type") VALUES
	('ba462224-d3f6-4d91-922a-327a53207132', 'c4d5cb44-41a8-494f-8f45-05f02176e955', 'd60e4ba8-d2b7-45af-ae48-1154b2dacc08', 150, '2025-07-09 15:08:40.674803+00', '2025-07-09 15:08:40.674803+00', NULL),
	('ba462224-d3f6-4d91-922a-327a53207132', '0a88f9ef-a895-4b30-9010-98d0f6c4785a', 'd60e4ba8-d2b7-45af-ae48-1154b2dacc08', 50, '2025-07-09 15:08:40.674803+00', '2025-07-09 15:08:40.674803+00', NULL),
	('ba462224-d3f6-4d91-922a-327a53207132', '89347441-ded6-4758-8563-d7e6d4428c15', 'd60e4ba8-d2b7-45af-ae48-1154b2dacc08', 12.5, '2025-07-09 15:08:40.674803+00', '2025-07-09 15:08:40.674803+00', NULL),
	('ba462224-d3f6-4d91-922a-327a53207132', 'aaa6c03d-ea1c-4dcf-ad39-0197f03cc63b', 'd60e4ba8-d2b7-45af-ae48-1154b2dacc08', 2.5, '2025-07-09 15:08:40.674803+00', '2025-07-09 15:08:40.674803+00', NULL),
	('ba462224-d3f6-4d91-922a-327a53207132', 'a907c585-f9cc-4d1b-9a72-bdb9182e0562', '5ed92eb3-c2b8-4063-a88c-42373f632c1c', 7.5, '2025-07-09 15:08:40.674803+00', '2025-07-09 15:08:40.674803+00', NULL),
	('ba462224-d3f6-4d91-922a-327a53207132', '2670f74a-9c4a-40b1-976f-ac4f88cb501d', 'd60e4ba8-d2b7-45af-ae48-1154b2dacc08', 0.25, '2025-07-09 15:08:40.674803+00', '2025-07-09 15:08:40.674803+00', NULL),
	('ba462224-d3f6-4d91-922a-327a53207132', '958d5830-ad7f-4108-afa7-d624f1b356cd', 'd60e4ba8-d2b7-45af-ae48-1154b2dacc08', 0.25, '2025-07-09 15:08:40.674803+00', '2025-07-09 15:08:40.674803+00', NULL),
	('412dc85f-1d16-463e-9de1-59d1317193fe', 'e1ff35de-02d2-4453-8241-d1d6f1e9e5e7', 'd60e4ba8-d2b7-45af-ae48-1154b2dacc08', 125, '2025-07-12 13:17:52.98472+00', '2025-07-12 13:17:52.98472+00', NULL),
	('412dc85f-1d16-463e-9de1-59d1317193fe', 'c8200eb7-6285-42a2-af93-f50e51cf7858', '13bcd39d-c167-4edc-902e-6b61443e7986', 1, '2025-07-12 13:17:52.98472+00', '2025-07-12 13:17:52.98472+00', NULL),
	('3e0ca4d0-ccf2-4bc4-934f-b632c2381860', 'ea042b8b-de67-47b6-9772-8317e43e3947', '13bcd39d-c167-4edc-902e-6b61443e7986', 1, '2025-07-16 15:59:46.846705+00', '2025-07-16 15:59:46.846705+00', NULL),
	('0d16c807-a8eb-4cc6-ae5a-05f5660dbb45', '436e84a1-b015-4d80-8099-101f9a568a72', '13bcd39d-c167-4edc-902e-6b61443e7986', 1, '2025-07-09 17:58:46.941025+00', '2025-07-09 17:58:46.941025+00', NULL),
	('0d16c807-a8eb-4cc6-ae5a-05f5660dbb45', 'b579f6f2-278e-4690-bc76-1d64e83f9eaf', '13bcd39d-c167-4edc-902e-6b61443e7986', 1, '2025-07-09 17:58:46.941025+00', '2025-07-09 17:58:46.941025+00', NULL),
	('3e0ca4d0-ccf2-4bc4-934f-b632c2381860', '9e4e039b-d614-4fd2-8c16-8e56c70b5b32', 'd60e4ba8-d2b7-45af-ae48-1154b2dacc08', 50, '2025-07-16 15:59:46.846705+00', '2025-07-16 15:59:46.846705+00', NULL),
	('3e0ca4d0-ccf2-4bc4-934f-b632c2381860', '2830d2f1-563e-49ab-afc7-9feed8003170', 'd60e4ba8-d2b7-45af-ae48-1154b2dacc08', 2.5, '2025-07-16 15:59:46.846705+00', '2025-07-16 15:59:46.846705+00', NULL),
	('3e0ca4d0-ccf2-4bc4-934f-b632c2381860', 'dcd7abf1-f67e-4d4b-84d3-d5a0e5a18de8', 'd60e4ba8-d2b7-45af-ae48-1154b2dacc08', 50, '2025-07-16 15:59:46.846705+00', '2025-07-16 15:59:46.846705+00', NULL),
	('046cf913-50c9-43b8-b2d8-ff483fffa7a6', '8b830d29-ad95-48c9-b352-296d3adaa4dc', '13bcd39d-c167-4edc-902e-6b61443e7986', 1, '2025-07-10 17:03:06.323287+00', '2025-07-10 17:03:06.323287+00', NULL),
	('57159ab4-f635-4158-afb9-18a7854fa0a3', '936b3fe1-8afa-42b8-b44a-17a9bd4c429d', '13bcd39d-c167-4edc-902e-6b61443e7986', 1, '2025-07-11 10:53:04.381279+00', '2025-07-11 10:53:04.381279+00', NULL),
	('57159ab4-f635-4158-afb9-18a7854fa0a3', 'cb96a6d2-9f6b-48ab-bcef-d35f6d1a54fd', '13bcd39d-c167-4edc-902e-6b61443e7986', 1, '2025-07-11 10:53:04.381279+00', '2025-07-11 10:53:04.381279+00', NULL),
	('74c79adc-1130-4e88-a8e1-5900dac84be7', 'd5c97843-b2e2-4b7d-9332-2a239387a136', '13bcd39d-c167-4edc-902e-6b61443e7986', 1, '2025-07-09 02:13:37.883814+00', '2025-07-09 02:13:37.883814+00', NULL),
	('74c79adc-1130-4e88-a8e1-5900dac84be7', '450436ad-7471-4e54-b2af-64c395568055', 'd60e4ba8-d2b7-45af-ae48-1154b2dacc08', 75, '2025-07-09 02:13:37.883814+00', '2025-07-09 02:13:37.883814+00', NULL),
	('74c79adc-1130-4e88-a8e1-5900dac84be7', '2d919b4b-9cd4-4f1a-bbb9-74e8054d2049', '3190b927-4f0a-4bab-bf06-00df3026fd22', 1, '2025-07-11 15:32:24.622533+00', '2025-07-11 15:32:24.622533+00', NULL),
	('74c79adc-1130-4e88-a8e1-5900dac84be7', 'a6e1453b-ff47-4aae-a75a-834f5db40728', 'd60e4ba8-d2b7-45af-ae48-1154b2dacc08', 2.5, '2025-07-09 02:13:37.883814+00', '2025-07-09 02:13:37.883814+00', NULL),
	('f9c8c0a2-f754-4dd8-9a37-73a7157930e5', 'a6bebce6-5875-46b5-afa1-38f8dcad5932', '13bcd39d-c167-4edc-902e-6b61443e7986', 1, '2025-07-11 18:42:55.46511+00', '2025-07-11 18:42:55.46511+00', NULL),
	('16e22247-3123-4861-9070-be06f7b08736', '8e48673c-62f8-4eff-b79b-b69c81b45fe9', '13bcd39d-c167-4edc-902e-6b61443e7986', 1, '2025-07-23 08:18:17.19317+00', '2025-07-23 08:18:17.19317+00', NULL),
	('16e22247-3123-4861-9070-be06f7b08736', '4d3130a2-df91-4dbc-aabb-d50bb5c39c89', 'd60e4ba8-d2b7-45af-ae48-1154b2dacc08', 2.5, '2025-07-23 08:18:17.19317+00', '2025-07-23 08:18:17.19317+00', NULL),
	('edf4e27d-db63-4dcf-9d95-af4df6ddaf20', '763c72bc-fdfe-4056-b811-8b70748c21f4', '13bcd39d-c167-4edc-902e-6b61443e7986', 1, '2025-07-23 08:16:06.08653+00', '2025-07-23 08:16:06.08653+00', NULL),
	('edf4e27d-db63-4dcf-9d95-af4df6ddaf20', '947d36b5-254d-4ef5-8888-277b9069dd9c', '13bcd39d-c167-4edc-902e-6b61443e7986', 1, '2025-07-23 08:16:06.08653+00', '2025-07-23 08:16:06.08653+00', NULL),
	('edf4e27d-db63-4dcf-9d95-af4df6ddaf20', 'b6d6ed01-5ecf-4864-957c-0e6c94d05efa', '13bcd39d-c167-4edc-902e-6b61443e7986', 1, '2025-07-23 08:16:06.08653+00', '2025-07-23 08:16:06.08653+00', NULL),
	('c71a2128-59a7-4e9e-8ae3-6a51e7f2234f', 'cf03a865-782a-43bf-a7ed-fdf339aef463', '13bcd39d-c167-4edc-902e-6b61443e7986', 1, '2025-07-24 11:23:48.731271+00', '2025-07-24 11:23:48.731271+00', NULL),
	('8ee812fc-f52f-488d-98d0-af4b1fea16d3', '0688ba42-e321-42b1-a29e-78a38ce7825f', '13bcd39d-c167-4edc-902e-6b61443e7986', 1, '2025-07-31 13:20:20.200855+00', '2025-07-31 13:20:20.200855+00', NULL),
	('8ee812fc-f52f-488d-98d0-af4b1fea16d3', '7599c056-95fc-46b1-9e2a-162bcecb00e2', '13bcd39d-c167-4edc-902e-6b61443e7986', 1, '2025-07-31 13:20:20.200855+00', '2025-07-31 13:20:20.200855+00', NULL),
	('8ee812fc-f52f-488d-98d0-af4b1fea16d3', 'a9a63d8d-437a-4d5b-a580-cb4d5534b972', '13bcd39d-c167-4edc-902e-6b61443e7986', 1, '2025-07-31 13:20:20.200855+00', '2025-07-31 13:20:20.200855+00', NULL),
	('8ee812fc-f52f-488d-98d0-af4b1fea16d3', '4f74e07a-9099-43b8-8237-328da52def00', '13bcd39d-c167-4edc-902e-6b61443e7986', 1, '2025-07-31 13:33:57.1749+00', '2025-07-31 13:33:57.1749+00', NULL),
	('76d10c78-8ee0-4998-a849-530a834a8a5b', '7522635d-6321-4529-958e-a76b9198bc14', '13bcd39d-c167-4edc-902e-6b61443e7986', 1, '2025-07-09 15:06:55.823701+00', '2025-07-09 15:06:55.823701+00', NULL),
	('76d10c78-8ee0-4998-a849-530a834a8a5b', '4bc9f164-9169-4b0a-bacb-3af5f5c34f27', '13bcd39d-c167-4edc-902e-6b61443e7986', 1, '2025-07-09 15:06:55.823701+00', '2025-08-01 13:22:05.805451+00', NULL),
	('76d10c78-8ee0-4998-a849-530a834a8a5b', '096fce76-eb2a-4fca-a30e-466e90c7347c', '13bcd39d-c167-4edc-902e-6b61443e7986', 1, '2025-08-01 13:22:05.805451+00', '2025-08-01 13:22:05.805451+00', NULL),
	('867e34f8-3673-4360-aa53-4e688090017a', '334f63f1-619e-4b56-bf78-fa8921ae953b', '13bcd39d-c167-4edc-902e-6b61443e7986', 1, '2025-07-23 14:56:18.800384+00', '2025-07-23 14:56:18.800384+00', NULL),
	('867e34f8-3673-4360-aa53-4e688090017a', 'b4048a40-484e-4156-b78f-9b100544afd5', '13bcd39d-c167-4edc-902e-6b61443e7986', 0.83, '2025-07-23 14:56:18.800384+00', '2025-08-04 08:23:46.650984+00', NULL),
	('867e34f8-3673-4360-aa53-4e688090017a', '763c72bc-fdfe-4056-b811-8b70748c21f4', '13bcd39d-c167-4edc-902e-6b61443e7986', 0.36, '2025-07-23 14:56:18.800384+00', '2025-08-04 08:23:46.650984+00', NULL);


--
-- Data for Name: kitchen_invites; Type: TABLE DATA; Schema: public; Owner: postgres
--

INSERT INTO "public"."kitchen_invites" ("invite_id", "kitchen_id", "invite_code", "created_by", "created_at", "expires_at", "is_active", "max_uses", "current_uses") VALUES
	('9a732e8e-e9e2-4bbe-98ed-859ceffde664', '816f8fdb-fedd-4e6e-899b-9c98513e49c5', 'oRsRWAXb', 'eb32943a-afee-4480-8a9d-c4e724668990', '2025-05-28 04:37:18.174807+00', '2025-05-29 04:37:17.947+00', true, 1, 0);


--
-- Data for Name: kitchen_users; Type: TABLE DATA; Schema: public; Owner: postgres
--

INSERT INTO "public"."kitchen_users" ("kitchen_id", "user_id", "is_admin") VALUES
	('816f8fdb-fedd-4e6e-899b-9c98513e49c5', 'a0466a40-9577-4d72-ba89-320138b87cf5', true),
	('816f8fdb-fedd-4e6e-899b-9c98513e49c5', 'eb32943a-afee-4480-8a9d-c4e724668990', true),
	('d353ecae-c56a-497f-ad99-aff7238cb44c', 'a96d2a87-d780-4aac-9a9d-5acc35995f3d', true),
	('20cf91d9-e07a-49ce-b9dc-1cdc67c5aed5', 'eb32943a-afee-4480-8a9d-c4e724668990', true),
	('060259ed-faae-4798-800e-eb4b710fe716', 'aa45ca26-8aa4-4cc8-aefc-bfccc9095519', true),
	('b6fac464-1cb7-4474-b109-917fa33d5d54', 'f1f21f3c-e6bf-4fd2-b8d9-267e587e6a8c', true),
	('dc9ed5aa-54c9-4df5-b9a4-959e71a39ef8', '62e1fa1a-5f81-465f-9cbb-418fa95526c3', true),
	('ff3f850e-a473-43d9-9520-a9959be26dbd', 'be7996aa-4555-4eb1-9832-9244ad1d66a3', true),
	('2010da74-6360-44c5-9b63-db0cd17a6530', '1ed4c627-5891-4805-801a-f521bf146e93', true),
	('816f8fdb-fedd-4e6e-899b-9c98513e49c5', '1ed4c627-5891-4805-801a-f521bf146e93', true),
	('10a99788-4b58-4e16-bc5e-c54500ec8255', '814076fa-5459-44de-a281-39617339670f', true),
	('aab23e0a-dfd6-4465-bdf5-f505aa0ec707', 'c9cdd2fd-42f2-4813-b9b1-0fa04996d270', true),
	('cbbc6877-4a0e-4e99-aa87-a5cf51132629', 'dc93a6ed-19b4-4576-8ebf-6b7d0e928ef7', true),
	('e3aff5a8-485d-4444-9747-70e889380a50', 'cba1e62a-bf31-40a0-8387-7fa37e1c4ef1', true),
	('2dd4a91d-1e2d-42d2-8675-e113d7374418', '6de3dcac-68b8-48b3-8fd4-79f3e2ee560b', true),
	('b60cec46-af07-4760-973b-f60ffbbdb152', 'bd8f6c9a-a1c5-4f32-b512-d9ce889a5a69', true),
	('2ab0aeb0-c8e9-4df9-b32b-7a10dd18dbb6', 'f6ee302b-8550-4a16-9d40-484695473337', true),
	('54e863f2-e4ee-46bf-b827-fca83c351553', 'baee14eb-0670-42b1-a2a5-e4b5d77e7c1b', true),
	('e88bd223-ed21-4722-8dcb-420453caeab6', '8513fefe-1f72-4f1f-988a-db8e56302c35', true),
	('72e47938-1abf-4570-a521-8dcf90af24fd', 'd56fed25-3bac-4aa7-8a61-822d8cb1cd3f', true),
	('9135f578-6e1c-4e43-82fe-8bc170da360b', '7acd597a-56c3-412b-b821-27e3c668cf2d', true),
	('ff1396ea-664c-4c80-b654-2136da431207', '7acd597a-56c3-412b-b821-27e3c668cf2d', true),
	('7599ce8e-26ae-49fb-b29f-50c9823f7bb0', 'ecf29cba-f0d6-4a33-a563-dcbafc920726', true),
	('816f8fdb-fedd-4e6e-899b-9c98513e49c5', 'aa45ca26-8aa4-4cc8-aefc-bfccc9095519', true),
	('816f8fdb-fedd-4e6e-899b-9c98513e49c5', 'a96d2a87-d780-4aac-9a9d-5acc35995f3d', true),
	('816f8fdb-fedd-4e6e-899b-9c98513e49c5', '8513fefe-1f72-4f1f-988a-db8e56302c35', true),
	('bdc44a77-6aaf-4039-bb52-d853fdff2364', '3a6970e0-6b0e-4ee0-9ad5-0b4368026f16', true);


--
-- Data for Name: languages; Type: TABLE DATA; Schema: public; Owner: postgres
--

INSERT INTO "public"."languages" ("ISO_Code", "name_english", "name_in_language") VALUES
	('EN', 'English', 'English
'),
	('FR', 'French', 'Français'),
	('ES', 'Spanish', 'Español
'),
	('IT', 'Italian', 'Italiano
');


--
-- Data for Name: preparations; Type: TABLE DATA; Schema: public; Owner: postgres
--

INSERT INTO "public"."preparations" ("preparation_id", "directions", "total_time", "fingerprint", "created_at", "updated_at", "cooking_notes", "image_updated_at", "fingerprint_plain") VALUES
	('c8200eb7-6285-42a2-af93-f50e51cf7858', '{"Schiacciare 2 spicchi di aglio.","Aggiungere 3 cucchiai di olio quando l''olio è bollente.","Aggiungere il pomodoro.","Aggiungere il basilico nel pomodoro (tritato o intero)."}', 15, 'd70a42c2-d6f2-5423-b939-40fb268750f4', '2025-07-12 13:17:52.238748+00', '2025-07-12 13:17:52.464901+00', NULL, NULL, 'basil-butter-garlic-olive-oil-tomato|schiacciare spicchi di aglio aggiungere cucchiai di olio quando l olio bollente aggiungere il pomodoro aggiungere il basilico nel pomodoro tritato o intero'),
	('e5ebfe86-99be-4a62-9468-47ea78f86e05', '{"Tightly braised green stems from leek + water.","Cook for 1 hour 30 minutes.","Pass through a sieve.","Reduce until almost dry."}', 10, 'ed565204-aba0-5c46-8a78-0fed377db79f', '2025-07-09 02:12:48.186568+00', '2025-07-19 20:10:17.486724+00', NULL, NULL, 'butter-leek|tightly braised green stems from leek water cook for hour minutes pass through a sieve reduce until almost dry'),
	('947d36b5-254d-4ef5-8888-277b9069dd9c', '{"Make a white paste of leau.","Add miso to the white paste.","Stock and poach till soft."}', 30, '45d00a1b-2fce-522d-834c-c80d4133e00a', '2025-07-23 08:16:00.12211+00', '2025-07-23 08:16:00.414998+00', NULL, NULL, 'leau-white-miso|make a white paste of leau add miso to the white paste stock and poach till soft'),
	('334f63f1-619e-4b56-bf78-fa8921ae953b', '{"Have small ''noves with a wine''.","Stock and poach till soft."}', 30, 'c387aa79-7220-5b57-bc4c-70191d71c392', '2025-07-23 14:56:12.839054+00', '2025-07-23 14:56:13.05833+00', NULL, NULL, 'leek-vegetable-stock-white-miso|have small noves with a wine stock and poach till soft'),
	('763c72bc-fdfe-4056-b811-8b70748c21f4', '{"Butter cauliflower to get a nice colour.","Add cream and cook till very soft.","Blend till smooth."}', 20, '9782b9af-0b4c-50c3-81e7-42fbba8c48d9', '2025-07-23 08:16:05.243895+00', '2025-07-23 14:56:17.33638+00', NULL, NULL, 'cauliflower-cream-unsalted-butter|butter cauliflower to get a nice colour add cream and cook till very soft blend till smooth'),
	('d5c97843-b2e2-4b7d-9332-2a239387a136', '{"Carefully separate the egg whites from the yolks.","With the electric whips, mix the yolk well first, adding half of the total amount of sugar you have until it is lighter and fluffy.","Clean your electric whips because you have to mix the egg white with the other half of the sugar.","The result will be firm, till moving up and down the bowl the cream will not move!","Gradually, spoon by spoon, add the white egg cream with the yolk cream made earlier; mix properly softly from top to bottom."}', 15, '01690e7b-616d-59c2-ad8b-b6d7058dc8dd', '2025-07-09 02:13:35.040139+00', '2025-07-09 15:40:05.546474+00', NULL, NULL, 'egg-mascarpone-cheese-sugar|carefully separate the egg whites from the yolks with the electric whips mix the yolk well first adding half of the total amount of sugar you have until it is lighter and fluffy clean your electric whips because you have to mix the egg white with the other half of the sugar the result will be firm till moving up and down the bowl the cream will not move gradually spoon by spoon add the white egg cream with the yolk cream made earlier mix properly softly from top to bottom'),
	('fa1bdca2-c244-48a5-b3ab-a1f16562677c', '{"Make a sachet d''epices with the mustard, peppercorn, and garlic.","In a pot, combine the vinegar, water, salt, chili flakes, and the sachet.","Bring to a boil, then cool down. Add dill."}', 20, 'be529f2e-149e-5768-ba79-70644bd40e71', '2025-07-24 11:08:12.264714+00', '2025-07-24 11:08:12.380529+00', NULL, NULL, 'apple-cider-vinegar-black-peppercorn-dill-garlic-red-chili-flak-salt-shallot-water-yellow-mustard-seed|make a sachet d epices with the mustard peppercorn and garlic in a pot combine the vinegar water salt chili flakes and the sachet bring to a boil then cool down add dill'),
	('b579f6f2-278e-4690-bc76-1d64e83f9eaf', '{"Heat half of the olive oil in a large frying pan over medium heat.","Add the onions and garlic, cook for 5 minutes or until onions are translucent.","Add the meat, and cook until browned.","Add the mushrooms, carrots, celery, Italian seasoning, and salt.","Continue to cook for a few minutes, until the meat is cooked through.","Remove from heat."}', 20, 'afc10898-8fc0-5825-a025-d8cbaa7b4383', '2025-07-09 15:57:47.007528+00', '2025-07-09 15:57:47.213142+00', NULL, NULL, 'carrot-celery-extra-lean-ground-turkey-extra-virgin-olive-oil-garlic-italian-seasoning-mushroom-sea-salt-yellow-onion|heat half of the olive oil in a large frying pan over medium heat add the onions and garlic cook for minutes or until onions are translucent add the meat and cook until browned add the mushrooms carrots celery italian seasoning and salt continue to cook for a few minutes until the meat is cooked through remove from heat'),
	('eba91d21-3ae0-4b0f-aae6-ed99f4d1694e', '{"Mezclar mascarpone y gelatina."}', 10, '5bcfc9e8-a544-533d-8bd5-ec350d361127', '2025-07-31 13:12:21.49503+00', '2025-07-31 13:12:21.686072+00', NULL, NULL, 'gelatina-mascarpone|mezclar mascarpone y gelatina'),
	('a9a63d8d-437a-4d5b-a580-cb4d5534b972', '{"Combine water, milk, butter, salt, and sugar in a pot.","Bring to a boil, then add flour.","Cook until the dough forms a ball.","Transfer to a mixer and add eggs gradually."}', 30, 'e604248b-3065-5508-9a59-a7b7e4cb6adc', '2025-07-31 13:20:13.497922+00', '2025-07-31 13:20:13.662381+00', NULL, NULL, 'agua-az-car-harina-huevo-leche-mantequilla-sal-fina|combine water milk butter salt and sugar in a pot bring to a boil then add flour cook until the dough forms a ball transfer to a mixer and add eggs gradually'),
	('7599c056-95fc-46b1-9e2a-162bcecb00e2', '{"Mix milk, cream, eggs, and sugar.","Add Dulcey and gelatine.",Emulsify.}', 30, '1344fb90-d1ae-598e-a686-e84ee093ca81', '2025-07-31 13:20:19.59838+00', '2025-07-31 13:20:19.735027+00', NULL, NULL, 'az-car-dulcey-gelatina-huevo-leche-nata|mix milk cream eggs and sugar add dulcey and gelatine emulsify'),
	('8b830d29-ad95-48c9-b352-296d3adaa4dc', '{"Mezclar leche y nata a 40°C.","Añadir los ingredientes secos.","Calentar a 83°C.","Añadir el sarro y el mató."}', NULL, 'e3c0b16c-c226-5e4e-8ed5-498b76e90ab3', '2025-07-10 17:03:05.45997+00', '2025-07-10 17:03:05.683047+00', NULL, NULL, 'az-car-dextrosa-estabilizante-leche-mat--nata-sal|mezclar leche y nata a c a adir los ingredientes secos calentar a c a adir el sarro y el mat'),
	('cb96a6d2-9f6b-48ab-bcef-d35f6d1a54fd', '{"Boil or steam frozen peas until tender.","Mash with butter and season with salt."}', 10, '7cc989c1-ef25-55a1-9f0c-38dc5ca8d7d6', '2025-07-11 10:53:03.44168+00', '2025-07-11 10:53:03.755775+00', NULL, NULL, 'butter-frozen-pea-salt|boil or steam frozen peas until tender mash with butter and season with salt'),
	('7522635d-6321-4529-958e-a76b9198bc14', '{"Make a white paste with the white miso.","Poach the leeks in the vegetable stock until soft."}', 20, '03476b37-72d3-5c45-b9c8-8c03652dd33f', '2025-07-09 02:12:44.498814+00', '2025-07-12 13:01:59.304203+00', NULL, NULL, 'leek-vegetable-stock-white-miso|make a white paste with the white miso poach the leeks in the vegetable stock until soft'),
	('4f74e07a-9099-43b8-8237-328da52def00', '{}', 30, '3fc19252-3e39-5f8b-a9c9-a5fcb3b634c7', '2025-07-31 13:31:53.791098+00', '2025-07-31 13:33:17.310114+00', NULL, NULL, 'az-car-gelatina-mascarpone-nata-nata-fr-a-vainilla|'),
	('ea042b8b-de67-47b6-9772-8317e43e3947', '{"Fry the aubergines and onions until caramelised.","Separate from the pan.","Fry red pepper - separate.","Fry courgette until all the water has gone - should be browned.","Bring everything together in the same pan, add herbs and cook with tomato puree."}', 20, 'e0a5aba8-9b44-537f-97ab-efb54ba321c0', '2025-07-16 15:59:44.798493+00', '2025-07-16 15:59:45.005746+00', NULL, NULL, 'aubergine-courgette-herb-onion-red-pepper-tomato-puree|fry the aubergines and onions until caramelised separate from the pan fry red pepper separate fry courgette until all the water has gone should be browned bring everything together in the same pan add herbs and cook with tomato puree'),
	('4bc9f164-9169-4b0a-bacb-3af5f5c34f27', '{"Butter cauliflower to get a nice colour.","Add cream and cook till very soft.","Blend till smooth."}', 15, 'ec3673b5-a741-5fc3-b943-c987a0f0d31c', '2025-07-09 02:12:46.597607+00', '2025-07-19 20:10:18.623115+00', NULL, NULL, 'butter-cauliflower-cream|butter cauliflower to get a nice colour add cream and cook till very soft blend till smooth'),
	('214ea2d4-b92a-4b78-af05-7e09f66f5461', '{"Prepare 4 full cups of coffee."}', 5, 'e3bf2e5f-9c11-5806-8aaf-2246f57bec87', '2025-07-09 02:13:36.750239+00', '2025-07-09 02:13:37.031416+00', NULL, NULL, 'coffee|prepare full cups of coffee'),
	('b6d6ed01-5ecf-4864-957c-0e6c94d05efa', '{"Tightly braise the green stems of leau with water.","Cook for 1 hour and 30 minutes.","Pass through a sieve.","Reduce the liquid to desired consistency."}', 90, '6cebd0f7-4e4d-522f-ab44-1c9e2f83d675', '2025-07-23 08:16:02.726433+00', '2025-07-23 08:16:02.906664+00', NULL, NULL, 'leau-unsalted-butter-water|tightly braise the green stems of leau with water cook for hour and minutes pass through a sieve reduce the liquid to desired consistency'),
	('8e48673c-62f8-4eff-b79b-b69c81b45fe9', '{"Smash the cucumber with a rolling pin but don''t pulverise it.","Slice off the ends off the cucumber and discard.","Cut the cucumber into quarters lengthways and slice into 2-3cm chunks.","Place in a bowl and add the remaining ingredients except the coriander and mix well."}', 20, 'e8a6e9f5-b9f3-561d-8345-4b8a98c79334', '2025-07-23 08:18:15.383097+00', '2025-07-23 08:18:15.636212+00', NULL, NULL, 'chilli-cucumber-garlic-rice-wine-vinegar-sesame-oil-sugar-unsalted-butter|smash the cucumber with a rolling pin but don t pulverise it slice off the ends off the cucumber and discard cut the cucumber into quarters lengthways and slice into cm chunks place in a bowl and add the remaining ingredients except the coriander and mix well'),
	('436e84a1-b015-4d80-8099-101f9a568a72', '{"Place cauliflower florets in a medium-sized saucepan, cover with water, and bring to a boil.","Let the florets boil until they are soft, about 15 minutes.","Drain the cauliflower and discard cooking water.","Return the cauliflower to the pot and add the other half of the olive oil and a sprinkle of salt.","Mash well until the cauliflower becomes almost like a puree."}', 15, '1dc54cb0-e5a7-509c-a9e7-183ab62b7b22', '2025-07-09 15:57:49.463461+00', '2025-07-09 17:58:46.23313+00', NULL, NULL, 'cauliflower-extra-virgin-olive-oil-sea-salt|place cauliflower florets in a medium sized saucepan cover with water and bring to a boil let the florets boil until they are soft about minutes drain the cauliflower and discard cooking water return the cauliflower to the pot and add the other half of the olive oil and a sprinkle of salt mash well until the cauliflower becomes almost like a puree'),
	('b4048a40-484e-4156-b78f-9b100544afd5', '{"Tightly braised green stems from leek + water.","Cook for 1 hour 30 minutes.","Pass through a sieve.","Reduce until almost dry."}', 60, '3a9b9ce1-afea-5d50-827f-3d4229955e29', '2025-07-23 14:56:16.435945+00', '2025-07-23 14:56:16.629214+00', NULL, NULL, 'butter-leek-water|tightly braised green stems from leek water cook for hour minutes pass through a sieve reduce until almost dry'),
	('936b3fe1-8afa-42b8-b44a-17a9bd4c429d', '{"Cut fish fillets into stick shapes.","Dredge fish sticks in flour, then dip in beaten eggs, and coat with breadcrumbs.","Fry until golden and crispy."}', 15, '789b6abe-8390-5aa8-8a45-41572b0fcbe2', '2025-07-11 10:52:58.193985+00', '2025-07-11 10:52:58.382859+00', NULL, NULL, 'breadcrumb-egg-fish-fillet-flour-pepper-salt|cut fish fillets into stick shapes dredge fish sticks in flour then dip in beaten eggs and coat with breadcrumbs fry until golden and crispy'),
	('a6bebce6-5875-46b5-afa1-38f8dcad5932', '{"Roll out the puff pastry.","Top with cherry tomatoes, drizzle with olive oil and balsamic vinegar.","Sprinkle with Italian spice mix.","Bake in the oven for 15 minutes at 180 degrees.","Top with burrata and basil."}', 15, '933b37a2-b833-5edd-9827-94b6f4e1f5c5', '2025-07-11 18:42:54.159127+00', '2025-07-11 18:42:54.355815+00', NULL, NULL, 'aceite-de-oliva-aplastado-o-hojaladre-basilica-burrata-mezcla-de-especias-italiana-tomates-ceris-vinagre-bals-mico|roll out the puff pastry top with cherry tomatoes drizzle with olive oil and balsamic vinegar sprinkle with italian spice mix bake in the oven for minutes at degrees top with burrata and basil'),
	('cf03a865-782a-43bf-a7ed-fdf339aef463', '{"Blend all ingredients until smooth."}', 5, '85bf97fe-6e5b-5808-8ca1-ac7876eb2c52', '2025-07-24 11:23:48.251234+00', '2025-07-24 11:23:48.332752+00', NULL, NULL, 'doenjang-garlic-gochujang-jalape-o-rice-vinegar-scallion-sesame-oil-soy-sauce-sugar|blend all ingredients until smooth'),
	('03b059cf-caf7-413e-9313-a52e546f2908', '{"Mezclar nata y azúcar."}', 5, '9de3cf1a-1ce0-5f9c-84a6-7e56ade1bfaa', '2025-07-31 13:12:23.470613+00', '2025-07-31 13:12:23.625301+00', NULL, NULL, 'az-car-nata|mezclar nata y az car'),
	('0688ba42-e321-42b1-a29e-78a38ce7825f', '{"Mix curd, sugar, and egg yolks.","Add dry ingredients and mix.","Bake at 180°C."}', 20, 'e5d67543-9842-58f5-9e0f-d71d5418b252', '2025-07-31 13:20:16.661021+00', '2025-07-31 13:20:16.814715+00', NULL, NULL, 'az-car-cuajada-harina-maizena-yema-de-huevo|mix curd sugar and egg yolks add dry ingredients and mix bake at c'),
	('096fce76-eb2a-4fca-a30e-466e90c7347c', '{"Tightly bundle leek greens.","Boil in water for 1-1.5 hours.","Pass through a sieve.","Reduce remaining stock to desired consistency."}', 10, '7a09276d-0c9b-5335-b3a0-bad57232d47f', '2025-08-01 13:22:04.510654+00', '2025-08-01 13:22:04.711709+00', NULL, NULL, 'leek-green-water|tightly bundle leek greens boil in water for hours pass through a sieve reduce remaining stock to desired consistency');


--
-- Data for Name: preparation_components; Type: TABLE DATA; Schema: public; Owner: postgres
--

INSERT INTO "public"."preparation_components" ("preparation_id", "ingredient_id", "amount", "unit_id", "created_at", "updated_at", "piece_type") VALUES
	('214ea2d4-b92a-4b78-af05-7e09f66f5461', '2d919b4b-9cd4-4f1a-bbb9-74e8054d2049', 1, '0715a344-20c6-4caf-b353-f08503930af5', '2025-07-09 02:13:37.031416+00', '2025-07-09 02:13:37.031416+00', NULL),
	('cb96a6d2-9f6b-48ab-bcef-d35f6d1a54fd', '5fb46bc4-9ebb-404b-8abb-aea24ddfca43', 50, 'd60e4ba8-d2b7-45af-ae48-1154b2dacc08', '2025-07-11 10:53:03.755775+00', '2025-07-11 10:53:03.755775+00', NULL),
	('cb96a6d2-9f6b-48ab-bcef-d35f6d1a54fd', '5dfac492-5371-4855-aa6e-882eaab83b53', 6.25, 'd60e4ba8-d2b7-45af-ae48-1154b2dacc08', '2025-07-11 10:53:03.755775+00', '2025-07-11 10:53:03.755775+00', NULL),
	('cb96a6d2-9f6b-48ab-bcef-d35f6d1a54fd', '37935488-601e-4b74-a2d8-b0f460feeec9', 0.125, 'd60e4ba8-d2b7-45af-ae48-1154b2dacc08', '2025-07-11 10:53:03.755775+00', '2025-07-11 10:53:03.755775+00', NULL),
	('a6bebce6-5875-46b5-afa1-38f8dcad5932', 'b7d6d60f-dfb2-4468-a426-730a38f28137', 0.05, '0715a344-20c6-4caf-b353-f08503930af5', '2025-07-11 18:42:54.355815+00', '2025-07-11 18:42:54.355815+00', NULL),
	('a6bebce6-5875-46b5-afa1-38f8dcad5932', 'eb04c309-fa18-458c-bf6f-77ea00581aa8', 5, 'd60e4ba8-d2b7-45af-ae48-1154b2dacc08', '2025-07-11 18:42:54.355815+00', '2025-07-11 18:42:54.355815+00', NULL),
	('a6bebce6-5875-46b5-afa1-38f8dcad5932', 'b0f0309c-da4c-4cc2-9075-aea64b2cbdc5', 0.5, '5ed92eb3-c2b8-4063-a88c-42373f632c1c', '2025-07-11 18:42:54.355815+00', '2025-07-11 18:42:54.355815+00', NULL),
	('a6bebce6-5875-46b5-afa1-38f8dcad5932', '8fc0defc-93b9-4402-8a5f-0d16515a5467', 0.25, '5ed92eb3-c2b8-4063-a88c-42373f632c1c', '2025-07-11 18:42:54.355815+00', '2025-07-11 18:42:54.355815+00', NULL),
	('a6bebce6-5875-46b5-afa1-38f8dcad5932', '871eda3d-625f-47e0-be47-984a13c2c900', 0.025, 'd60e4ba8-d2b7-45af-ae48-1154b2dacc08', '2025-07-11 18:42:54.355815+00', '2025-07-11 18:42:54.355815+00', NULL),
	('a6bebce6-5875-46b5-afa1-38f8dcad5932', '47abb55d-6331-498d-bdcd-63c5d8228b9f', 0.05, '0715a344-20c6-4caf-b353-f08503930af5', '2025-07-11 18:42:54.355815+00', '2025-07-11 18:42:54.355815+00', NULL),
	('a6bebce6-5875-46b5-afa1-38f8dcad5932', '2830d2f1-563e-49ab-afc7-9feed8003170', 0.25, 'd60e4ba8-d2b7-45af-ae48-1154b2dacc08', '2025-07-11 18:42:54.355815+00', '2025-07-11 18:42:54.355815+00', NULL),
	('7522635d-6321-4529-958e-a76b9198bc14', 'c70f8b84-19ee-4146-b7db-732a2258ba73', 0.75, '0715a344-20c6-4caf-b353-f08503930af5', '2025-07-09 02:12:44.631191+00', '2025-07-09 02:12:44.631191+00', NULL),
	('d5c97843-b2e2-4b7d-9332-2a239387a136', 'a01325d4-5984-4f6a-a35b-0c31ab713060', 1.5, '0715a344-20c6-4caf-b353-f08503930af5', '2025-07-09 02:13:35.186585+00', '2025-07-09 15:40:05.725229+00', NULL),
	('d5c97843-b2e2-4b7d-9332-2a239387a136', '4b7e8a5e-3b4b-4816-91eb-36016d019e2a', 57.5, 'd60e4ba8-d2b7-45af-ae48-1154b2dacc08', '2025-07-09 02:13:35.186585+00', '2025-07-09 02:13:35.186585+00', NULL),
	('d5c97843-b2e2-4b7d-9332-2a239387a136', '9e79bee3-d6be-499a-8b87-6df5e7210ab9', 125, 'd60e4ba8-d2b7-45af-ae48-1154b2dacc08', '2025-07-09 02:13:35.186585+00', '2025-07-09 02:13:35.186585+00', NULL),
	('b579f6f2-278e-4690-bc76-1d64e83f9eaf', '8dfdeaa4-2661-4c7e-9f06-366d20d65403', 113.75, 'd60e4ba8-d2b7-45af-ae48-1154b2dacc08', '2025-07-09 15:57:47.213142+00', '2025-07-09 15:57:47.213142+00', NULL),
	('b579f6f2-278e-4690-bc76-1d64e83f9eaf', '0963cc2e-e17b-4646-88a3-41a17b181adb', 0.25, '0715a344-20c6-4caf-b353-f08503930af5', '2025-07-09 15:57:47.213142+00', '2025-07-09 15:57:47.213142+00', NULL),
	('b579f6f2-278e-4690-bc76-1d64e83f9eaf', 'aaa6c03d-ea1c-4dcf-ad39-0197f03cc63b', 0.5, '0715a344-20c6-4caf-b353-f08503930af5', '2025-07-09 15:57:47.213142+00', '2025-07-09 15:57:47.213142+00', NULL),
	('b579f6f2-278e-4690-bc76-1d64e83f9eaf', '3a5d30f3-e349-4581-af3a-a3ef7f0c54b8', 72.5, 'd60e4ba8-d2b7-45af-ae48-1154b2dacc08', '2025-07-09 15:57:47.213142+00', '2025-07-09 15:57:47.213142+00', NULL),
	('b579f6f2-278e-4690-bc76-1d64e83f9eaf', '0a88f9ef-a895-4b30-9010-98d0f6c4785a', 0.5, '0715a344-20c6-4caf-b353-f08503930af5', '2025-07-09 15:57:47.213142+00', '2025-07-09 15:57:47.213142+00', NULL),
	('b579f6f2-278e-4690-bc76-1d64e83f9eaf', '4cc59132-7397-4fa3-82e6-6033720d0743', 0.5, '0715a344-20c6-4caf-b353-f08503930af5', '2025-07-09 15:57:47.213142+00', '2025-07-09 15:57:47.213142+00', NULL),
	('b579f6f2-278e-4690-bc76-1d64e83f9eaf', '3ac6f64e-26ad-46a0-be41-ee7f045774f0', 0.25, 'd90fd291-a158-49ac-96b8-505c58ffc6f2', '2025-07-09 15:57:47.213142+00', '2025-07-09 15:57:47.213142+00', NULL),
	('b579f6f2-278e-4690-bc76-1d64e83f9eaf', 'b3ac9df1-f21b-42dc-8bee-274d7f5286eb', 0.0625, '171a6522-4c26-44d0-9f0b-716086bafaf8', '2025-07-09 15:57:47.213142+00', '2025-07-09 15:57:47.213142+00', NULL),
	('b579f6f2-278e-4690-bc76-1d64e83f9eaf', '8206414f-d29c-4767-98b9-37d4562f3355', 0.25, 'd90fd291-a158-49ac-96b8-505c58ffc6f2', '2025-07-09 15:57:47.213142+00', '2025-07-09 15:57:47.213142+00', NULL),
	('763c72bc-fdfe-4056-b811-8b70748c21f4', '4d5f3a64-4759-4050-bee9-3f303dac5e14', 0.25, 'b0a87686-8313-4bba-a8b0-47ab5fdbc15b', '2025-07-23 08:16:05.410425+00', '2025-07-23 08:16:05.410425+00', NULL),
	('763c72bc-fdfe-4056-b811-8b70748c21f4', '8c7c403d-9f41-4b35-9c09-6d42885775de', 25, 'd60e4ba8-d2b7-45af-ae48-1154b2dacc08', '2025-07-23 08:16:05.410425+00', '2025-07-23 08:16:05.410425+00', NULL),
	('763c72bc-fdfe-4056-b811-8b70748c21f4', '7f1d81f7-4061-432f-858e-8263da8a5af5', 87.5, 'd60e4ba8-d2b7-45af-ae48-1154b2dacc08', '2025-07-23 08:16:05.410425+00', '2025-07-23 08:16:05.410425+00', NULL),
	('8e48673c-62f8-4eff-b79b-b69c81b45fe9', '2bd52676-be69-4022-9069-bd751ded7d94', 0.25, '0715a344-20c6-4caf-b353-f08503930af5', '2025-07-23 08:18:15.636212+00', '2025-07-23 08:18:15.636212+00', NULL),
	('8e48673c-62f8-4eff-b79b-b69c81b45fe9', '8c7c403d-9f41-4b35-9c09-6d42885775de', 0.3125, '5ed92eb3-c2b8-4063-a88c-42373f632c1c', '2025-07-23 08:18:15.636212+00', '2025-07-23 08:18:15.636212+00', NULL),
	('4bc9f164-9169-4b0a-bacb-3af5f5c34f27', 'bdaadae9-f355-4493-a91b-36fd643d215c', 0.25, 'b0a87686-8313-4bba-a8b0-47ab5fdbc15b', '2025-07-09 02:12:46.732199+00', '2025-07-09 17:52:12.650498+00', NULL),
	('4bc9f164-9169-4b0a-bacb-3af5f5c34f27', '9bb04a06-aa40-4987-83ac-0491a8434617', 25, 'd60e4ba8-d2b7-45af-ae48-1154b2dacc08', '2025-07-09 02:12:46.732199+00', '2025-07-09 02:12:46.732199+00', NULL),
	('4bc9f164-9169-4b0a-bacb-3af5f5c34f27', 'b5f29b90-d84c-499e-8238-fd37da38fdf8', 87.5, 'd60e4ba8-d2b7-45af-ae48-1154b2dacc08', '2025-07-09 02:12:46.732199+00', '2025-07-09 02:12:46.732199+00', NULL),
	('436e84a1-b015-4d80-8099-101f9a568a72', 'bdaadae9-f355-4493-a91b-36fd643d215c', 0.25, '0715a344-20c6-4caf-b353-f08503930af5', '2025-07-09 15:57:49.671269+00', '2025-07-09 15:57:49.671269+00', NULL),
	('436e84a1-b015-4d80-8099-101f9a568a72', '8206414f-d29c-4767-98b9-37d4562f3355', 0.25, 'd90fd291-a158-49ac-96b8-505c58ffc6f2', '2025-07-09 15:57:49.671269+00', '2025-07-09 15:57:49.671269+00', NULL),
	('436e84a1-b015-4d80-8099-101f9a568a72', 'b3ac9df1-f21b-42dc-8bee-274d7f5286eb', 0.0625, '171a6522-4c26-44d0-9f0b-716086bafaf8', '2025-07-09 15:57:49.671269+00', '2025-07-09 17:58:46.403383+00', NULL),
	('8b830d29-ad95-48c9-b352-296d3adaa4dc', '80e6120b-a237-42d1-9083-71df2765adfd', 8, 'a23c6850-79bd-44de-8310-8c1d05e83c0b', '2025-07-10 17:03:05.683047+00', '2025-07-10 17:03:05.683047+00', NULL),
	('8b830d29-ad95-48c9-b352-296d3adaa4dc', '7887ed5a-14a6-4139-ae99-a10d7dde3698', 3, 'a23c6850-79bd-44de-8310-8c1d05e83c0b', '2025-07-10 17:03:05.683047+00', '2025-07-10 17:03:05.683047+00', NULL),
	('8b830d29-ad95-48c9-b352-296d3adaa4dc', '85e9ac1d-f90e-4245-bccd-f6bcdfe895a8', 3.25, 'b0a87686-8313-4bba-a8b0-47ab5fdbc15b', '2025-07-10 17:03:05.683047+00', '2025-07-10 17:03:05.683047+00', NULL),
	('8b830d29-ad95-48c9-b352-296d3adaa4dc', 'dcbfcacc-14ef-40e5-9e71-82b2ebdde77e', 2.35, 'b0a87686-8313-4bba-a8b0-47ab5fdbc15b', '2025-07-10 17:03:05.683047+00', '2025-07-10 17:03:05.683047+00', NULL),
	('8b830d29-ad95-48c9-b352-296d3adaa4dc', 'a91ce3b0-e5c6-4c75-9291-ee4dfd652829', 3.6, 'b0a87686-8313-4bba-a8b0-47ab5fdbc15b', '2025-07-10 17:03:05.683047+00', '2025-07-10 17:03:05.683047+00', NULL),
	('8b830d29-ad95-48c9-b352-296d3adaa4dc', '79a23778-6a71-4c89-9811-d406491c7056', 300, 'd60e4ba8-d2b7-45af-ae48-1154b2dacc08', '2025-07-10 17:03:05.683047+00', '2025-07-10 17:03:05.683047+00', NULL),
	('8b830d29-ad95-48c9-b352-296d3adaa4dc', '4cf07418-720d-4d92-a899-f046df18fdda', 40, 'd60e4ba8-d2b7-45af-ae48-1154b2dacc08', '2025-07-10 17:03:05.683047+00', '2025-07-10 17:03:05.683047+00', NULL),
	('936b3fe1-8afa-42b8-b44a-17a9bd4c429d', 'bf4e92df-229e-4b03-91c5-0e195f4ddd0d', 100, 'd60e4ba8-d2b7-45af-ae48-1154b2dacc08', '2025-07-11 10:52:58.382859+00', '2025-07-11 10:52:58.382859+00', NULL),
	('936b3fe1-8afa-42b8-b44a-17a9bd4c429d', 'beddd9dc-49ad-4245-8840-ae5d15ab0ab2', 50, 'd60e4ba8-d2b7-45af-ae48-1154b2dacc08', '2025-07-11 10:52:58.382859+00', '2025-07-11 10:52:58.382859+00', NULL),
	('936b3fe1-8afa-42b8-b44a-17a9bd4c429d', '133a5f1a-d51b-4f5d-bd6e-53fbb72b2bb6', 0.5, '0715a344-20c6-4caf-b353-f08503930af5', '2025-07-11 10:52:58.382859+00', '2025-07-11 10:52:58.382859+00', NULL),
	('936b3fe1-8afa-42b8-b44a-17a9bd4c429d', '08a9337d-9917-4239-bce5-08ce58a716ae', 25, 'd60e4ba8-d2b7-45af-ae48-1154b2dacc08', '2025-07-11 10:52:58.382859+00', '2025-07-11 10:52:58.382859+00', NULL),
	('936b3fe1-8afa-42b8-b44a-17a9bd4c429d', '37935488-601e-4b74-a2d8-b0f460feeec9', 0.25, 'd60e4ba8-d2b7-45af-ae48-1154b2dacc08', '2025-07-11 10:52:58.382859+00', '2025-07-11 10:52:58.382859+00', NULL),
	('936b3fe1-8afa-42b8-b44a-17a9bd4c429d', 'b76e181a-fa94-4d2f-ab08-1d94a7da9692', 0.125, 'd60e4ba8-d2b7-45af-ae48-1154b2dacc08', '2025-07-11 10:52:58.382859+00', '2025-07-11 10:52:58.382859+00', NULL),
	('7522635d-6321-4529-958e-a76b9198bc14', '5f9b0714-f3dc-4720-89ac-0ed7cbdcca8c', 50, 'd60e4ba8-d2b7-45af-ae48-1154b2dacc08', '2025-07-09 02:12:44.631191+00', '2025-07-09 02:12:44.631191+00', NULL),
	('7522635d-6321-4529-958e-a76b9198bc14', '718cb336-aad9-4479-bf8d-0bb5e95ce697', 50, 'd60e4ba8-d2b7-45af-ae48-1154b2dacc08', '2025-07-09 02:12:44.631191+00', '2025-07-09 02:12:44.631191+00', NULL),
	('e5ebfe86-99be-4a62-9468-47ea78f86e05', 'c70f8b84-19ee-4146-b7db-732a2258ba73', 0.25, '0715a344-20c6-4caf-b353-f08503930af5', '2025-07-09 02:12:48.315398+00', '2025-07-09 02:12:48.315398+00', NULL),
	('e5ebfe86-99be-4a62-9468-47ea78f86e05', '9bb04a06-aa40-4987-83ac-0491a8434617', 25, 'd60e4ba8-d2b7-45af-ae48-1154b2dacc08', '2025-07-12 13:02:00.766504+00', '2025-07-12 13:02:00.766504+00', NULL),
	('c8200eb7-6285-42a2-af93-f50e51cf7858', 'e2da5708-64e2-4e0a-b63b-16d51b6e3b5d', 0.015625, '0715a344-20c6-4caf-b353-f08503930af5', '2025-07-12 13:17:52.464901+00', '2025-07-12 13:17:52.464901+00', NULL),
	('c8200eb7-6285-42a2-af93-f50e51cf7858', 'f046b00a-644f-4dec-84c6-9cee72cdcfe3', 0.03125, '0715a344-20c6-4caf-b353-f08503930af5', '2025-07-12 13:17:52.464901+00', '2025-07-12 13:17:52.464901+00', NULL),
	('c8200eb7-6285-42a2-af93-f50e51cf7858', '178bc85d-9222-4491-ac9c-0050471d2932', 0.703125, '5ed92eb3-c2b8-4063-a88c-42373f632c1c', '2025-07-12 13:17:52.464901+00', '2025-07-12 13:17:52.464901+00', NULL),
	('c8200eb7-6285-42a2-af93-f50e51cf7858', 'd3959d7b-02f9-4bb2-af9a-7216cabd039f', 0.15625, 'd60e4ba8-d2b7-45af-ae48-1154b2dacc08', '2025-07-12 13:17:52.464901+00', '2025-07-12 13:17:52.464901+00', NULL),
	('c8200eb7-6285-42a2-af93-f50e51cf7858', '3a5193c0-c7dd-48db-8833-e3579d2eaa9f', 0.234375, 'd60e4ba8-d2b7-45af-ae48-1154b2dacc08', '2025-07-12 13:17:52.464901+00', '2025-07-12 13:17:52.464901+00', NULL),
	('ea042b8b-de67-47b6-9772-8317e43e3947', '6129e64e-5212-4a36-9b99-da8e19048adc', 50, 'd60e4ba8-d2b7-45af-ae48-1154b2dacc08', '2025-07-16 15:59:45.005746+00', '2025-07-16 15:59:45.005746+00', NULL),
	('ea042b8b-de67-47b6-9772-8317e43e3947', 'f2433b63-cceb-46be-804b-7ddc23231110', 25, 'd60e4ba8-d2b7-45af-ae48-1154b2dacc08', '2025-07-16 15:59:45.005746+00', '2025-07-16 15:59:45.005746+00', NULL),
	('ea042b8b-de67-47b6-9772-8317e43e3947', '90d464ea-c8cb-47ed-bd12-074488019576', 25, 'd60e4ba8-d2b7-45af-ae48-1154b2dacc08', '2025-07-16 15:59:45.005746+00', '2025-07-16 15:59:45.005746+00', NULL),
	('ea042b8b-de67-47b6-9772-8317e43e3947', '1e97ad3d-8702-41ea-bb5c-aeed9c3d95fe', 25, 'd60e4ba8-d2b7-45af-ae48-1154b2dacc08', '2025-07-16 15:59:45.005746+00', '2025-07-16 15:59:45.005746+00', NULL),
	('ea042b8b-de67-47b6-9772-8317e43e3947', '84fbb83a-8012-41f2-a8e9-0873812792e9', 12.5, 'd60e4ba8-d2b7-45af-ae48-1154b2dacc08', '2025-07-16 15:59:45.005746+00', '2025-07-16 15:59:45.005746+00', NULL),
	('ea042b8b-de67-47b6-9772-8317e43e3947', 'f855bb96-ac2e-468d-b72c-374d18f4e93e', 2.5, 'd60e4ba8-d2b7-45af-ae48-1154b2dacc08', '2025-07-16 15:59:45.005746+00', '2025-07-16 15:59:45.005746+00', NULL),
	('947d36b5-254d-4ef5-8888-277b9069dd9c', 'ebe6d882-3484-4b74-ac87-cf21ba2c92a1', 0.15, 'b0a87686-8313-4bba-a8b0-47ab5fdbc15b', '2025-07-23 08:16:00.414998+00', '2025-07-23 08:16:00.414998+00', NULL),
	('947d36b5-254d-4ef5-8888-277b9069dd9c', '68348326-e232-49e5-9c8e-91fae5707c88', 10, 'd60e4ba8-d2b7-45af-ae48-1154b2dacc08', '2025-07-23 08:16:00.414998+00', '2025-07-23 08:16:00.414998+00', NULL),
	('b6d6ed01-5ecf-4864-957c-0e6c94d05efa', 'ebe6d882-3484-4b74-ac87-cf21ba2c92a1', 0.25, 'b0a87686-8313-4bba-a8b0-47ab5fdbc15b', '2025-07-23 08:16:02.906664+00', '2025-07-23 08:16:02.906664+00', NULL),
	('b6d6ed01-5ecf-4864-957c-0e6c94d05efa', '07931bd6-b137-4b78-9c88-15e29db6b918', 50, '5ed92eb3-c2b8-4063-a88c-42373f632c1c', '2025-07-23 08:16:02.906664+00', '2025-07-23 08:16:02.906664+00', NULL),
	('b6d6ed01-5ecf-4864-957c-0e6c94d05efa', '8c7c403d-9f41-4b35-9c09-6d42885775de', 25, 'd60e4ba8-d2b7-45af-ae48-1154b2dacc08', '2025-07-23 08:16:02.906664+00', '2025-07-23 08:16:02.906664+00', NULL),
	('8e48673c-62f8-4eff-b79b-b69c81b45fe9', '0a095859-92cb-41c1-8c32-40a8c3282b1e', 0.5, '0715a344-20c6-4caf-b353-f08503930af5', '2025-07-23 08:18:15.636212+00', '2025-07-23 08:18:15.636212+00', NULL),
	('8e48673c-62f8-4eff-b79b-b69c81b45fe9', 'f3469000-255c-4a82-8e86-0fa05ebeba32', 0.25, '0715a344-20c6-4caf-b353-f08503930af5', '2025-07-23 08:18:15.636212+00', '2025-07-23 08:18:15.636212+00', NULL),
	('8e48673c-62f8-4eff-b79b-b69c81b45fe9', 'dd982a44-d9f1-437c-a971-7ba5e988ead3', 6, 'd60e4ba8-d2b7-45af-ae48-1154b2dacc08', '2025-07-23 08:18:15.636212+00', '2025-07-23 08:18:15.636212+00', NULL),
	('8e48673c-62f8-4eff-b79b-b69c81b45fe9', '874f6d1c-12de-436b-8f34-2fb681c7240a', 15, '5ed92eb3-c2b8-4063-a88c-42373f632c1c', '2025-07-23 08:18:15.636212+00', '2025-07-23 08:18:15.636212+00', NULL),
	('8e48673c-62f8-4eff-b79b-b69c81b45fe9', 'c63df363-d7a2-4b8e-8bd1-333d5781a37d', 3.75, '5ed92eb3-c2b8-4063-a88c-42373f632c1c', '2025-07-23 08:18:15.636212+00', '2025-07-23 08:18:15.636212+00', NULL),
	('334f63f1-619e-4b56-bf78-fa8921ae953b', 'da453d68-58d3-4e21-a7b1-a675e90ec8a8', 0.75, '0715a344-20c6-4caf-b353-f08503930af5', '2025-07-23 14:56:13.05833+00', '2025-07-23 14:56:13.05833+00', NULL),
	('334f63f1-619e-4b56-bf78-fa8921ae953b', '68348326-e232-49e5-9c8e-91fae5707c88', 50, 'd60e4ba8-d2b7-45af-ae48-1154b2dacc08', '2025-07-23 14:56:13.05833+00', '2025-07-23 14:56:13.05833+00', NULL),
	('334f63f1-619e-4b56-bf78-fa8921ae953b', 'bbb9f1f4-ae1d-41c2-b98c-740e94fbb5ae', 50, 'd60e4ba8-d2b7-45af-ae48-1154b2dacc08', '2025-07-23 14:56:13.05833+00', '2025-07-23 14:56:13.05833+00', NULL),
	('b4048a40-484e-4156-b78f-9b100544afd5', 'da453d68-58d3-4e21-a7b1-a675e90ec8a8', 0.25, '0715a344-20c6-4caf-b353-f08503930af5', '2025-07-23 14:56:16.629214+00', '2025-07-23 14:56:16.629214+00', NULL),
	('b4048a40-484e-4156-b78f-9b100544afd5', '07931bd6-b137-4b78-9c88-15e29db6b918', 50, '5ed92eb3-c2b8-4063-a88c-42373f632c1c', '2025-07-23 14:56:16.629214+00', '2025-07-23 14:56:16.629214+00', NULL),
	('b4048a40-484e-4156-b78f-9b100544afd5', 'b02b19d5-e1bb-44c5-a180-b9b2d94acbb4', 12.5, 'd60e4ba8-d2b7-45af-ae48-1154b2dacc08', '2025-07-23 14:56:16.629214+00', '2025-07-23 14:56:16.629214+00', NULL),
	('fa1bdca2-c244-48a5-b3ab-a1f16562677c', '2439f7b2-bc65-495b-8081-449312930407', 1350, 'd60e4ba8-d2b7-45af-ae48-1154b2dacc08', '2025-07-24 11:08:12.380529+00', '2025-07-24 11:08:12.380529+00', NULL),
	('fa1bdca2-c244-48a5-b3ab-a1f16562677c', 'bc06aad6-aff0-4ca4-8535-95cd05bc4f2a', 465, 'd60e4ba8-d2b7-45af-ae48-1154b2dacc08', '2025-07-24 11:08:12.380529+00', '2025-07-24 11:08:12.380529+00', NULL),
	('fa1bdca2-c244-48a5-b3ab-a1f16562677c', 'ec35f115-3d63-4e12-94a8-6dd1c22beec4', 7, 'd60e4ba8-d2b7-45af-ae48-1154b2dacc08', '2025-07-24 11:08:12.380529+00', '2025-07-24 11:08:12.380529+00', NULL),
	('fa1bdca2-c244-48a5-b3ab-a1f16562677c', 'c2d969e8-2667-4066-bd05-dca75d0f007f', 15, 'd60e4ba8-d2b7-45af-ae48-1154b2dacc08', '2025-07-24 11:08:12.380529+00', '2025-07-24 11:08:12.380529+00', NULL),
	('fa1bdca2-c244-48a5-b3ab-a1f16562677c', '0eca83bc-aef2-4149-bde4-e18024b2c56a', 2, 'd60e4ba8-d2b7-45af-ae48-1154b2dacc08', '2025-07-24 11:08:12.380529+00', '2025-07-24 11:08:12.380529+00', NULL),
	('fa1bdca2-c244-48a5-b3ab-a1f16562677c', '3992d161-1033-4c27-9376-88370cda94f8', 44, 'd60e4ba8-d2b7-45af-ae48-1154b2dacc08', '2025-07-24 11:08:12.380529+00', '2025-07-24 11:08:12.380529+00', NULL),
	('fa1bdca2-c244-48a5-b3ab-a1f16562677c', '2f2f6ceb-d34f-4f41-b61e-4b91d6d0e992', 45, 'd60e4ba8-d2b7-45af-ae48-1154b2dacc08', '2025-07-24 11:08:12.380529+00', '2025-07-24 11:08:12.380529+00', NULL),
	('fa1bdca2-c244-48a5-b3ab-a1f16562677c', '4adacd16-bf40-41d9-84c8-d3e07f544771', 35, 'd60e4ba8-d2b7-45af-ae48-1154b2dacc08', '2025-07-24 11:08:12.380529+00', '2025-07-24 11:08:12.380529+00', NULL),
	('fa1bdca2-c244-48a5-b3ab-a1f16562677c', '1015d290-9436-4831-871f-ad69ab0aff33', 35, 'd60e4ba8-d2b7-45af-ae48-1154b2dacc08', '2025-07-24 11:08:12.380529+00', '2025-07-24 11:08:12.380529+00', NULL),
	('cf03a865-782a-43bf-a7ed-fdf339aef463', '548f2f4a-a023-4947-99c7-f03e156632f2', 0.5, '0715a344-20c6-4caf-b353-f08503930af5', '2025-07-24 11:23:48.332752+00', '2025-07-24 11:23:48.332752+00', NULL),
	('cf03a865-782a-43bf-a7ed-fdf339aef463', '821a10e4-1dd5-4d9e-a036-655af28cff98', 120, '5ed92eb3-c2b8-4063-a88c-42373f632c1c', '2025-07-24 11:23:48.332752+00', '2025-07-24 11:23:48.332752+00', NULL),
	('cf03a865-782a-43bf-a7ed-fdf339aef463', '400c76f3-35af-4dca-adf0-c5e6764b6cde', 120, '5ed92eb3-c2b8-4063-a88c-42373f632c1c', '2025-07-24 11:23:48.332752+00', '2025-07-24 11:23:48.332752+00', NULL),
	('cf03a865-782a-43bf-a7ed-fdf339aef463', '4adacd16-bf40-41d9-84c8-d3e07f544771', 1, '0715a344-20c6-4caf-b353-f08503930af5', '2025-07-24 11:23:48.332752+00', '2025-07-24 11:23:48.332752+00', NULL),
	('cf03a865-782a-43bf-a7ed-fdf339aef463', 'e79ec050-3aae-4b9d-88eb-3ad5fee3e542', 1, '0715a344-20c6-4caf-b353-f08503930af5', '2025-07-24 11:23:48.332752+00', '2025-07-24 11:23:48.332752+00', NULL),
	('cf03a865-782a-43bf-a7ed-fdf339aef463', 'f7adbec0-9c31-4f34-a6de-c0ffdad96ce6', 15, '5ed92eb3-c2b8-4063-a88c-42373f632c1c', '2025-07-24 11:23:48.332752+00', '2025-07-24 11:23:48.332752+00', NULL),
	('cf03a865-782a-43bf-a7ed-fdf339aef463', 'f7a837e1-8a6f-44e7-aa09-3890dbae8810', 7.5, '5ed92eb3-c2b8-4063-a88c-42373f632c1c', '2025-07-24 11:23:48.332752+00', '2025-07-24 11:23:48.332752+00', NULL),
	('cf03a865-782a-43bf-a7ed-fdf339aef463', '25376124-9462-4d1f-81cc-9b3b7e09b1f5', 15, '5ed92eb3-c2b8-4063-a88c-42373f632c1c', '2025-07-24 11:23:48.332752+00', '2025-07-24 11:23:48.332752+00', NULL),
	('cf03a865-782a-43bf-a7ed-fdf339aef463', '3a40248d-334b-485a-87d6-24de429d7d50', 0.625, '5ed92eb3-c2b8-4063-a88c-42373f632c1c', '2025-07-24 11:23:48.332752+00', '2025-07-24 11:23:48.332752+00', NULL),
	('eba91d21-3ae0-4b0f-aae6-ed99f4d1694e', 'f2ac327b-6abc-4313-9b21-576cc214f92e', 62.5, 'd60e4ba8-d2b7-45af-ae48-1154b2dacc08', '2025-07-31 13:12:21.686072+00', '2025-07-31 13:12:21.686072+00', NULL),
	('eba91d21-3ae0-4b0f-aae6-ed99f4d1694e', '946f20c4-8fde-4f03-95e0-b028770c1478', 4, 'd60e4ba8-d2b7-45af-ae48-1154b2dacc08', '2025-07-31 13:12:21.686072+00', '2025-07-31 13:12:21.686072+00', NULL),
	('03b059cf-caf7-413e-9313-a52e546f2908', '5994d39d-5274-43c7-a5a5-12ac3856aa58', 150, 'd60e4ba8-d2b7-45af-ae48-1154b2dacc08', '2025-07-31 13:12:23.625301+00', '2025-07-31 13:12:23.625301+00', NULL),
	('03b059cf-caf7-413e-9313-a52e546f2908', '08b51058-971e-4f60-86c7-6374238ef989', 40, 'd60e4ba8-d2b7-45af-ae48-1154b2dacc08', '2025-07-31 13:12:23.625301+00', '2025-07-31 13:12:23.625301+00', NULL),
	('a9a63d8d-437a-4d5b-a580-cb4d5534b972', 'b139ae68-e456-4b97-8955-58cf4cdf0f3e', 30, 'd60e4ba8-d2b7-45af-ae48-1154b2dacc08', '2025-07-31 13:20:13.662381+00', '2025-07-31 13:20:13.662381+00', NULL),
	('a9a63d8d-437a-4d5b-a580-cb4d5534b972', 'b4e15865-667f-4760-ae0f-80f45313a4ed', 30, 'd60e4ba8-d2b7-45af-ae48-1154b2dacc08', '2025-07-31 13:20:13.662381+00', '2025-07-31 13:20:13.662381+00', NULL),
	('a9a63d8d-437a-4d5b-a580-cb4d5534b972', '60a34f12-ffb2-4de9-a9e8-3bcea79796f7', 30, 'd60e4ba8-d2b7-45af-ae48-1154b2dacc08', '2025-07-31 13:20:13.662381+00', '2025-07-31 13:20:13.662381+00', NULL),
	('a9a63d8d-437a-4d5b-a580-cb4d5534b972', 'a9386b71-639e-4267-b41c-c7175894ff15', 30, 'd60e4ba8-d2b7-45af-ae48-1154b2dacc08', '2025-07-31 13:20:13.662381+00', '2025-07-31 13:20:13.662381+00', NULL),
	('a9a63d8d-437a-4d5b-a580-cb4d5534b972', 'c8b289fb-6860-4f07-946c-204d705ec7b7', 44, 'd60e4ba8-d2b7-45af-ae48-1154b2dacc08', '2025-07-31 13:20:13.662381+00', '2025-07-31 13:20:13.662381+00', NULL),
	('a9a63d8d-437a-4d5b-a580-cb4d5534b972', '56c584ad-adc5-4a5f-897e-78d17d0364f7', 1.25, 'd60e4ba8-d2b7-45af-ae48-1154b2dacc08', '2025-07-31 13:20:13.662381+00', '2025-07-31 13:20:13.662381+00', NULL),
	('a9a63d8d-437a-4d5b-a580-cb4d5534b972', '08b51058-971e-4f60-86c7-6374238ef989', 2.5, 'd60e4ba8-d2b7-45af-ae48-1154b2dacc08', '2025-07-31 13:20:13.662381+00', '2025-07-31 13:20:13.662381+00', NULL),
	('0688ba42-e321-42b1-a29e-78a38ce7825f', '9fff95bc-f887-4766-8a96-40e985b5758a', 12, 'd60e4ba8-d2b7-45af-ae48-1154b2dacc08', '2025-07-31 13:20:16.814715+00', '2025-07-31 13:20:16.814715+00', NULL),
	('0688ba42-e321-42b1-a29e-78a38ce7825f', '08b51058-971e-4f60-86c7-6374238ef989', 7.3, 'd60e4ba8-d2b7-45af-ae48-1154b2dacc08', '2025-07-31 13:20:16.814715+00', '2025-07-31 13:20:16.814715+00', NULL),
	('0688ba42-e321-42b1-a29e-78a38ce7825f', '248eba5c-0253-4306-873c-05764c5397c9', 6.65, 'd60e4ba8-d2b7-45af-ae48-1154b2dacc08', '2025-07-31 13:20:16.814715+00', '2025-07-31 13:20:16.814715+00', NULL),
	('0688ba42-e321-42b1-a29e-78a38ce7825f', '9d8e2e18-e8c7-4fa3-b2bd-885732d380f4', 4.15, 'd60e4ba8-d2b7-45af-ae48-1154b2dacc08', '2025-07-31 13:20:16.814715+00', '2025-07-31 13:20:16.814715+00', NULL),
	('0688ba42-e321-42b1-a29e-78a38ce7825f', 'a9386b71-639e-4267-b41c-c7175894ff15', 4.3, 'd60e4ba8-d2b7-45af-ae48-1154b2dacc08', '2025-07-31 13:20:16.814715+00', '2025-07-31 13:20:16.814715+00', NULL),
	('7599c056-95fc-46b1-9e2a-162bcecb00e2', 'b4e15865-667f-4760-ae0f-80f45313a4ed', 31.5, 'd60e4ba8-d2b7-45af-ae48-1154b2dacc08', '2025-07-31 13:20:19.735027+00', '2025-07-31 13:20:19.735027+00', NULL),
	('7599c056-95fc-46b1-9e2a-162bcecb00e2', '5994d39d-5274-43c7-a5a5-12ac3856aa58', 13.5, 'd60e4ba8-d2b7-45af-ae48-1154b2dacc08', '2025-07-31 13:20:19.735027+00', '2025-07-31 13:20:19.735027+00', NULL),
	('7599c056-95fc-46b1-9e2a-162bcecb00e2', 'c8b289fb-6860-4f07-946c-204d705ec7b7', 9, 'd60e4ba8-d2b7-45af-ae48-1154b2dacc08', '2025-07-31 13:20:19.735027+00', '2025-07-31 13:20:19.735027+00', NULL),
	('7599c056-95fc-46b1-9e2a-162bcecb00e2', '08b51058-971e-4f60-86c7-6374238ef989', 0.9, 'd60e4ba8-d2b7-45af-ae48-1154b2dacc08', '2025-07-31 13:20:19.735027+00', '2025-07-31 13:20:19.735027+00', NULL),
	('7599c056-95fc-46b1-9e2a-162bcecb00e2', 'a34b8c0b-0f0a-4bd2-af38-1ff73c55b3f1', 30, 'd60e4ba8-d2b7-45af-ae48-1154b2dacc08', '2025-07-31 13:20:19.735027+00', '2025-07-31 13:20:19.735027+00', NULL),
	('7599c056-95fc-46b1-9e2a-162bcecb00e2', '946f20c4-8fde-4f03-95e0-b028770c1478', 0.4, 'd60e4ba8-d2b7-45af-ae48-1154b2dacc08', '2025-07-31 13:20:19.735027+00', '2025-07-31 13:20:19.735027+00', NULL),
	('4f74e07a-9099-43b8-8237-328da52def00', '08b51058-971e-4f60-86c7-6374238ef989', 160, 'd60e4ba8-d2b7-45af-ae48-1154b2dacc08', '2025-07-31 13:31:53.968485+00', '2025-07-31 13:31:53.968485+00', NULL),
	('4f74e07a-9099-43b8-8237-328da52def00', '5994d39d-5274-43c7-a5a5-12ac3856aa58', 400, 'd60e4ba8-d2b7-45af-ae48-1154b2dacc08', '2025-07-31 13:31:53.968485+00', '2025-07-31 13:31:53.968485+00', NULL),
	('4f74e07a-9099-43b8-8237-328da52def00', '80b8437e-6d8d-42ce-96c2-3c7c7b946418', 1, 'b0a87686-8313-4bba-a8b0-47ab5fdbc15b', '2025-07-31 13:31:53.968485+00', '2025-07-31 13:31:53.968485+00', NULL),
	('4f74e07a-9099-43b8-8237-328da52def00', '946f20c4-8fde-4f03-95e0-b028770c1478', 14, 'd60e4ba8-d2b7-45af-ae48-1154b2dacc08', '2025-07-31 13:31:53.968485+00', '2025-07-31 13:31:53.968485+00', NULL),
	('4f74e07a-9099-43b8-8237-328da52def00', 'ae82dce6-4929-4b83-83c7-5e8fb0444228', 1, '0715a344-20c6-4caf-b353-f08503930af5', '2025-07-31 13:31:53.968485+00', '2025-07-31 13:31:53.968485+00', NULL),
	('4f74e07a-9099-43b8-8237-328da52def00', 'f2ac327b-6abc-4313-9b21-576cc214f92e', 250, 'd60e4ba8-d2b7-45af-ae48-1154b2dacc08', '2025-07-31 13:31:53.968485+00', '2025-07-31 13:31:53.968485+00', NULL),
	('096fce76-eb2a-4fca-a30e-466e90c7347c', '38e30063-2710-41d7-ade2-57883db76ffb', 1.7241379310344827, 'd60e4ba8-d2b7-45af-ae48-1154b2dacc08', '2025-08-01 13:22:04.711709+00', '2025-08-01 13:22:04.711709+00', NULL),
	('096fce76-eb2a-4fca-a30e-466e90c7347c', '4d2150da-8fb6-4740-b093-0255b5305f8f', 1.7241379310344827, '5ed92eb3-c2b8-4063-a88c-42373f632c1c', '2025-08-01 13:22:04.711709+00', '2025-08-01 13:22:04.711709+00', NULL);


--
-- Data for Name: users; Type: TABLE DATA; Schema: public; Owner: postgres
--

INSERT INTO "public"."users" ("user_id", "user_fullname", "user_email", "created_at", "updated_at") VALUES
	('7acd597a-56c3-412b-b821-27e3c668cf2d', 'Maxime Petit ', 'maximepetitpatisserie@gmail.com', '2025-07-31 13:04:46.771227+00', '2025-07-31 13:04:59.807745+00'),
	('ecf29cba-f0d6-4a33-a563-dcbafc920726', NULL, '6cc4zpwnkv@privaterelay.appleid.com', '2025-07-31 21:20:57.722187+00', '2025-07-31 21:20:57.722187+00'),
	('8513fefe-1f72-4f1f-988a-db8e56302c35', 'Arnav Agarwal', 'arnava1304@gmail.com', '2025-07-30 15:48:59.924034+00', '2025-08-01 13:18:50.278194+00'),
	('a0466a40-9577-4d72-ba89-320138b87cf5', 'James Franco', 'mtspana@verizon.net', '2025-05-25 20:51:44.482437+00', '2025-05-25 20:51:44.482437+00'),
	('1ed4c627-5891-4805-801a-f521bf146e93', 'Yago Ferretti', 'yago@foodweb.ai', '2025-07-11 15:54:58.807598+00', '2025-08-01 15:11:17.928504+00'),
	('eb32943a-afee-4480-8a9d-c4e724668990', 'Arnav Agarwal', 'arnav@foodweb.ai', '2025-05-14 03:01:59.84419+00', '2025-08-01 18:35:15.183766+00'),
	('a96d2a87-d780-4aac-9a9d-5acc35995f3d', 'Andrew Sweeney', 'sweeney5285@gmail.com', '2025-06-11 01:24:13.586859+00', '2025-06-11 01:24:13.586859+00'),
	('3a6970e0-6b0e-4ee0-9ad5-0b4368026f16', 'Christos ', 'chris.maniakis@gmail.com', '2025-08-02 18:37:01.853739+00', '2025-08-02 18:37:17.478813+00'),
	('aa45ca26-8aa4-4cc8-aefc-bfccc9095519', NULL, 'apple@apple.com', '2025-07-03 18:36:43.697447+00', '2025-07-03 18:36:43.697447+00'),
	('f1f21f3c-e6bf-4fd2-b8d9-267e587e6a8c', 'Imma g prats', 'immagprats@hotmail.com', '2025-07-09 15:24:51.607644+00', '2025-07-09 15:24:51.607644+00'),
	('d56fed25-3bac-4aa7-8a61-822d8cb1cd3f', NULL, 'google@android.com', '2025-07-09 17:35:13.253824+00', '2025-07-09 17:35:13.253824+00'),
	('62e1fa1a-5f81-465f-9cbb-418fa95526c3', 'Marga Lee', 'maggie.q.l@hotmail.com', '2025-07-10 16:59:26.769513+00', '2025-07-10 16:59:26.769513+00'),
	('be7996aa-4555-4eb1-9832-9244ad1d66a3', 'Vitika Agarwal', 'vitika.agarwal@gmail.com', '2025-07-11 10:48:47.192639+00', '2025-07-11 10:48:47.192639+00'),
	('814076fa-5459-44de-a281-39617339670f', 'Luca Piazzolla', 'piazzolla.luca93@gmail.com', '2025-07-11 17:01:50.238619+00', '2025-07-11 17:01:50.238619+00'),
	('dc93a6ed-19b4-4576-8ebf-6b7d0e928ef7', 'Ignasi Frechoso', 'ifrechoso@gmail.com', '2025-07-11 22:10:27.993323+00', '2025-07-11 22:10:27.993323+00'),
	('c9cdd2fd-42f2-4813-b9b1-0fa04996d270', 'Fabian Isamat', 'fabianisamat@icloud.com', '2025-07-12 08:26:23.49531+00', '2025-07-12 08:26:23.49531+00'),
	('cba1e62a-bf31-40a0-8387-7fa37e1c4ef1', 'Mimmo', 'mimmoferretti@hotmail.com', '2025-07-15 16:10:13.250484+00', '2025-07-15 16:10:13.250484+00'),
	('6de3dcac-68b8-48b3-8fd4-79f3e2ee560b', 'Arnav', 'aa5507@columbia.edu', '2025-07-17 10:26:18.767671+00', '2025-07-17 10:26:18.767671+00'),
	('bd8f6c9a-a1c5-4f32-b512-d9ce889a5a69', 'Vincenzo Matonti ', 'vincent.matont@hotmail.it', '2025-07-17 21:55:32.87238+00', '2025-07-17 21:55:32.87238+00'),
	('f6ee302b-8550-4a16-9d40-484695473337', 'Ian Durkin', 'iandurkin14@gmail.com', '2025-07-24 11:04:28.644896+00', '2025-07-24 11:04:28.644896+00'),
	('baee14eb-0670-42b1-a2a5-e4b5d77e7c1b', NULL, 'yagoferretti@gmail.com', '2025-07-30 15:36:58.410267+00', '2025-07-30 15:36:58.410267+00');


--
-- Data for Name: buckets; Type: TABLE DATA; Schema: storage; Owner: supabase_storage_admin
--

INSERT INTO "storage"."buckets" ("id", "name", "owner", "created_at", "updated_at", "public", "avif_autodetection", "file_size_limit", "allowed_mime_types", "owner_id") VALUES
	('item-images', 'item-images', NULL, '2025-05-20 03:02:58.646055+00', '2025-05-20 03:02:58.646055+00', false, false, NULL, NULL, NULL);


--
-- Data for Name: objects; Type: TABLE DATA; Schema: storage; Owner: supabase_storage_admin
--



--
-- Data for Name: s3_multipart_uploads; Type: TABLE DATA; Schema: storage; Owner: supabase_storage_admin
--



--
-- Data for Name: s3_multipart_uploads_parts; Type: TABLE DATA; Schema: storage; Owner: supabase_storage_admin
--



--
-- Data for Name: hooks; Type: TABLE DATA; Schema: supabase_functions; Owner: supabase_functions_admin
--

INSERT INTO "supabase_functions"."hooks" ("id", "hook_table_id", "hook_name", "created_at", "request_id") VALUES
	(1, 17359, 'recipe-image-dishes', '2025-06-25 23:18:28.215404+00', 1),
	(2, 30049, 'recipe-image-preparations', '2025-06-26 22:18:08.597965+00', 2),
	(3, 17359, 'recipe-image-dishes', '2025-06-26 22:18:08.926433+00', 3),
	(4, 30049, 'recipe-image-preparations', '2025-06-26 22:18:55.322443+00', 4),
	(5, 17359, 'recipe-image-dishes', '2025-06-26 22:18:55.46153+00', 5),
	(6, 30049, 'recipe-image-preparations', '2025-06-26 23:12:28.307087+00', 6),
	(7, 30049, 'recipe-image-preparations', '2025-06-26 23:12:28.307087+00', 7),
	(8, 30049, 'recipe-image-preparations', '2025-06-26 23:12:28.307087+00', 8),
	(9, 30049, 'recipe-image-preparations', '2025-06-26 23:12:28.307087+00', 9),
	(10, 30049, 'recipe-image-preparations', '2025-06-26 23:20:35.201674+00', 10),
	(11, 30049, 'recipe-image-preparations', '2025-06-26 23:20:35.201674+00', 11),
	(12, 30049, 'recipe-image-preparations', '2025-06-26 23:20:35.201674+00', 12),
	(13, 30049, 'recipe-image-preparations', '2025-06-26 23:20:35.201674+00', 13),
	(14, 30049, 'recipe-image-preparations', '2025-06-26 23:23:14.845152+00', 14),
	(15, 30049, 'recipe-image-preparations', '2025-06-26 23:23:14.845152+00', 15),
	(16, 30049, 'recipe-image-preparations', '2025-06-26 23:23:14.845152+00', 16),
	(17, 30049, 'recipe-image-preparations', '2025-06-26 23:23:14.845152+00', 17),
	(18, 30049, 'recipe-image-preparations', '2025-06-26 23:24:08.235706+00', 18),
	(19, 30049, 'recipe-image-preparations', '2025-06-26 23:24:08.235706+00', 19),
	(20, 30049, 'recipe-image-preparations', '2025-06-26 23:24:08.235706+00', 20),
	(21, 30049, 'recipe-image-preparations', '2025-06-26 23:24:08.235706+00', 21),
	(22, 30049, 'recipe-image-preparations', '2025-06-26 23:27:02.320212+00', 22),
	(23, 30049, 'recipe-image-preparations', '2025-06-26 23:27:02.320212+00', 23),
	(24, 30049, 'recipe-image-preparations', '2025-06-26 23:27:02.320212+00', 24),
	(25, 30049, 'recipe-image-preparations', '2025-06-26 23:27:02.320212+00', 25),
	(26, 30049, 'recipe-image-preparations', '2025-06-27 01:05:26.024189+00', 26),
	(27, 17359, 'recipe-image-dishes', '2025-06-27 01:05:26.192676+00', 27),
	(28, 17359, 'recipe-image-dishes', '2025-06-27 01:29:49.576688+00', 28),
	(29, 17359, 'recipe-image-dishes', '2025-06-27 01:36:57.122731+00', 29),
	(30, 17359, 'recipe-image-dishes', '2025-06-27 13:04:46.560508+00', 30),
	(31, 17359, 'recipe-image-dishes', '2025-06-27 13:40:08.148863+00', 31),
	(32, 30049, 'recipe-image-preparations', '2025-06-27 13:49:39.005577+00', 32),
	(33, 17359, 'recipe-image-dishes', '2025-06-27 13:49:39.152986+00', 33),
	(34, 30049, 'recipe-image-preparations', '2025-06-27 13:49:50.847483+00', 34),
	(35, 17359, 'recipe-image-dishes', '2025-06-27 13:49:50.982168+00', 35),
	(36, 30049, 'recipe-image-preparations', '2025-06-27 13:50:59.649473+00', 36),
	(37, 17359, 'recipe-image-dishes', '2025-06-27 13:50:59.787948+00', 37),
	(38, 17359, 'recipe-image-dishes', '2025-06-27 14:55:48.926302+00', 38),
	(39, 30049, 'recipe-image-preparations', '2025-06-27 16:58:32.854529+00', 39),
	(40, 17359, 'recipe-image-dishes', '2025-06-27 16:58:33.02498+00', 40),
	(41, 30049, 'recipe-image-preparations', '2025-06-27 16:59:49.839967+00', 41),
	(42, 17359, 'recipe-image-dishes', '2025-06-27 16:59:50.007646+00', 42),
	(43, 30049, 'recipe-image-preparations', '2025-06-27 16:59:58.360048+00', 43),
	(44, 17359, 'recipe-image-dishes', '2025-06-27 16:59:58.518342+00', 44),
	(45, 30049, 'recipe-image-preparations', '2025-06-27 17:00:13.598161+00', 45),
	(46, 17359, 'recipe-image-dishes', '2025-06-27 17:00:13.760857+00', 46),
	(47, 30049, 'recipe-image-preparations', '2025-06-27 17:27:33.581188+00', 47),
	(48, 17359, 'recipe-image-dishes', '2025-06-27 17:27:33.903391+00', 48),
	(49, 30049, 'recipe-image-preparations', '2025-06-27 19:26:49.095853+00', 49),
	(50, 30049, 'recipe-image-preparations', '2025-06-27 19:26:49.257759+00', 50),
	(51, 17359, 'recipe-image-dishes', '2025-06-28 16:51:54.729441+00', 51),
	(52, 17359, 'recipe-image-dishes', '2025-06-28 16:52:40.579526+00', 52),
	(53, 17359, 'recipe-image-dishes', '2025-06-28 19:08:33.497251+00', 53),
	(54, 17359, 'recipe-image-dishes', '2025-06-28 19:08:40.512864+00', 54),
	(55, 30049, 'recipe-image-preparations', '2025-06-28 19:17:21.90897+00', 55),
	(56, 30049, 'recipe-image-preparations', '2025-06-28 19:17:22.066977+00', 56),
	(57, 17359, 'recipe-image-dishes', '2025-06-28 19:17:45.533611+00', 57),
	(58, 30049, 'recipe-image-preparations', '2025-06-28 19:18:02.710359+00', 58),
	(59, 30049, 'recipe-image-preparations', '2025-06-28 19:18:02.833551+00', 59),
	(60, 17359, 'recipe-image-dishes', '2025-06-28 19:18:02.980567+00', 60),
	(61, 17359, 'recipe-image-dishes', '2025-06-28 19:20:54.990872+00', 61),
	(62, 30049, 'recipe-image-preparations', '2025-06-28 19:21:08.325569+00', 62),
	(63, 30049, 'recipe-image-preparations', '2025-06-28 19:21:08.47453+00', 63),
	(64, 17359, 'recipe-image-dishes', '2025-06-28 19:21:08.609369+00', 64),
	(65, 17359, 'recipe-image-dishes', '2025-06-28 19:21:24.418589+00', 65),
	(66, 30049, 'recipe-image-preparations', '2025-06-30 12:16:17.636963+00', 66),
	(67, 30049, 'recipe-image-preparations', '2025-06-30 12:16:17.983649+00', 67),
	(68, 17359, 'recipe-image-dishes', '2025-06-30 12:16:18.137267+00', 68),
	(75, 17359, 'recipe-image-dishes', '2025-06-30 19:58:11.628892+00', 75),
	(81, 30049, 'recipe-image-preparations', '2025-06-30 19:59:39.284242+00', 81),
	(87, 30049, 'recipe-image-preparations', '2025-06-30 20:00:19.758906+00', 87),
	(88, 30049, 'recipe-image-preparations', '2025-06-30 20:00:19.758906+00', 88),
	(89, 30049, 'recipe-image-preparations', '2025-06-30 20:00:19.758906+00', 89),
	(90, 30049, 'recipe-image-preparations', '2025-06-30 20:00:19.758906+00', 90),
	(91, 30049, 'recipe-image-preparations', '2025-06-30 20:00:19.758906+00', 91),
	(92, 30049, 'recipe-image-preparations', '2025-06-30 20:00:19.758906+00', 92),
	(93, 30049, 'recipe-image-preparations', '2025-06-30 20:00:19.758906+00', 93),
	(94, 30049, 'recipe-image-preparations', '2025-06-30 20:00:19.758906+00', 94),
	(95, 30049, 'recipe-image-preparations', '2025-06-30 20:00:19.758906+00', 95),
	(96, 30049, 'recipe-image-preparations', '2025-06-30 20:00:19.758906+00', 96),
	(97, 30049, 'recipe-image-preparations', '2025-06-30 20:00:19.758906+00', 97),
	(98, 30049, 'recipe-image-preparations', '2025-06-30 20:00:19.758906+00', 98),
	(99, 30049, 'recipe-image-preparations', '2025-06-30 20:00:19.758906+00', 99),
	(100, 30049, 'recipe-image-preparations', '2025-06-30 20:00:19.758906+00', 100),
	(101, 30049, 'recipe-image-preparations', '2025-06-30 20:00:19.758906+00', 101),
	(102, 30049, 'recipe-image-preparations', '2025-06-30 20:00:25.711484+00', 102),
	(103, 30049, 'recipe-image-preparations', '2025-06-30 20:00:25.711484+00', 103),
	(104, 30049, 'recipe-image-preparations', '2025-06-30 20:00:25.711484+00', 104),
	(105, 30049, 'recipe-image-preparations', '2025-06-30 20:00:25.711484+00', 105),
	(106, 30049, 'recipe-image-preparations', '2025-06-30 20:08:14.40654+00', 106),
	(107, 30049, 'recipe-image-preparations', '2025-06-30 20:34:34.838012+00', 107),
	(108, 17359, 'recipe-image-dishes', '2025-06-30 20:38:10.972347+00', 108),
	(109, 30049, 'recipe-image-preparations', '2025-06-30 20:40:03.562112+00', 109),
	(110, 30049, 'recipe-image-preparations', '2025-06-30 20:40:03.697963+00', 110),
	(111, 17359, 'recipe-image-dishes', '2025-06-30 20:40:17.395151+00', 111),
	(112, 30049, 'recipe-image-preparations', '2025-06-30 20:40:23.689877+00', 112),
	(113, 30049, 'recipe-image-preparations', '2025-06-30 20:40:29.453407+00', 113),
	(114, 30049, 'recipe-image-preparations', '2025-06-30 20:40:36.547027+00', 114),
	(115, 17359, 'recipe-image-dishes', '2025-06-30 20:47:44.40131+00', 115),
	(116, 17359, 'recipe-image-dishes', '2025-06-30 20:50:45.125255+00', 116),
	(117, 30049, 'recipe-image-preparations', '2025-06-30 20:51:03.669208+00', 117),
	(118, 30049, 'recipe-image-preparations', '2025-06-30 21:39:15.768645+00', 118),
	(119, 30049, 'recipe-image-preparations', '2025-06-30 21:39:15.916294+00', 119),
	(120, 17359, 'recipe-image-dishes', '2025-06-30 21:39:33.571458+00', 120),
	(121, 17359, 'recipe-image-dishes', '2025-06-30 21:39:42.643374+00', 121),
	(122, 30049, 'recipe-image-preparations', '2025-06-30 21:39:49.344173+00', 122),
	(123, 30049, 'recipe-image-preparations', '2025-06-30 21:39:56.549693+00', 123),
	(124, 30049, 'recipe-image-preparations', '2025-07-01 10:37:45.718063+00', 124),
	(125, 30049, 'recipe-image-preparations', '2025-07-01 10:37:45.889996+00', 125),
	(126, 17359, 'recipe-image-dishes', '2025-07-01 10:39:20.57743+00', 126),
	(127, 30049, 'recipe-image-preparations', '2025-07-01 11:53:06.80817+00', 127),
	(128, 30049, 'recipe-image-preparations', '2025-07-01 11:53:06.953467+00', 128),
	(129, 17359, 'recipe-image-dishes', '2025-07-01 11:57:10.141095+00', 129),
	(130, 30049, 'recipe-image-preparations', '2025-07-01 11:57:21.512725+00', 130),
	(131, 30049, 'recipe-image-preparations', '2025-07-01 11:57:27.556693+00', 131),
	(132, 30049, 'recipe-image-preparations', '2025-07-01 13:14:50.217073+00', 132),
	(133, 17359, 'recipe-image-dishes', '2025-07-01 13:15:26.373583+00', 133),
	(134, 30049, 'recipe-image-preparations', '2025-07-01 13:15:33.201302+00', 134),
	(135, 30049, 'recipe-image-preparations', '2025-07-01 13:15:39.132996+00', 135),
	(136, 17359, 'recipe-image-dishes', '2025-07-01 13:18:16.075939+00', 136),
	(137, 17359, 'recipe-image-dishes', '2025-07-01 13:18:48.755557+00', 137),
	(138, 30049, 'recipe-image-preparations', '2025-07-01 13:19:03.585409+00', 138),
	(139, 30049, 'recipe-image-preparations', '2025-07-01 13:19:10.435545+00', 139),
	(140, 17359, 'recipe-image-dishes', '2025-07-01 13:25:13.843258+00', 140),
	(141, 30049, 'recipe-image-preparations', '2025-07-01 13:28:39.64895+00', 141),
	(142, 30049, 'recipe-image-preparations', '2025-07-01 15:43:28.098985+00', 142),
	(143, 30049, 'recipe-image-preparations', '2025-07-01 15:43:28.297872+00', 143),
	(144, 17359, 'recipe-image-dishes', '2025-07-01 15:43:28.718279+00', 144),
	(145, 30049, 'recipe-image-preparations', '2025-07-01 15:43:53.954887+00', 145),
	(146, 30049, 'recipe-image-preparations', '2025-07-01 17:16:37.137276+00', 146),
	(147, 30049, 'recipe-image-preparations', '2025-07-01 17:16:57.829304+00', 147),
	(148, 17359, 'recipe-image-dishes', '2025-07-02 16:44:32.332167+00', 148),
	(149, 30049, 'recipe-image-preparations', '2025-07-02 16:49:01.662308+00', 149),
	(150, 30049, 'recipe-image-preparations', '2025-07-02 16:49:01.662308+00', 150),
	(151, 30049, 'recipe-image-preparations', '2025-07-02 16:49:01.662308+00', 151),
	(152, 30049, 'recipe-image-preparations', '2025-07-02 16:49:01.662308+00', 152),
	(153, 30049, 'recipe-image-preparations', '2025-07-02 22:57:13.534737+00', 153),
	(154, 30049, 'recipe-image-preparations', '2025-07-02 22:57:13.534737+00', 154),
	(155, 30049, 'recipe-image-preparations', '2025-07-02 22:57:13.741424+00', 155),
	(156, 30049, 'recipe-image-preparations', '2025-07-02 22:57:13.741424+00', 156),
	(157, 17359, 'recipe-image-dishes', '2025-07-02 22:57:14.068005+00', 157),
	(158, 17359, 'recipe-image-dishes', '2025-07-02 22:57:47.86912+00', 158),
	(159, 30049, 'recipe-image-preparations', '2025-07-02 23:40:54.662296+00', 159),
	(160, 30049, 'recipe-image-preparations', '2025-07-02 23:40:54.662296+00', 160),
	(161, 17359, 'recipe-image-dishes', '2025-07-03 14:08:48.847439+00', 161),
	(166, 30049, 'recipe-image-preparations', '2025-07-04 00:03:27.906715+00', 166),
	(167, 30049, 'recipe-image-preparations', '2025-07-04 00:03:27.906715+00', 167),
	(168, 30049, 'recipe-image-preparations', '2025-07-04 00:03:27.906715+00', 168),
	(169, 17359, 'recipe-image-dishes', '2025-07-05 12:58:09.598705+00', 169),
	(170, 30049, 'recipe-image-preparations', '2025-07-05 13:12:28.337447+00', 170),
	(171, 30049, 'recipe-image-preparations', '2025-07-05 13:12:28.50367+00', 171),
	(172, 30049, 'recipe-image-preparations', '2025-07-05 13:12:30.516702+00', 172),
	(173, 30049, 'recipe-image-preparations', '2025-07-05 13:12:30.66554+00', 173),
	(174, 17359, 'recipe-image-dishes', '2025-07-05 13:30:45.171577+00', 174),
	(175, 17359, 'recipe-image-dishes', '2025-07-06 04:04:12.303017+00', 175),
	(176, 30049, 'recipe-image-preparations', '2025-07-06 11:43:08.492889+00', 176),
	(177, 30049, 'recipe-image-preparations', '2025-07-06 11:43:08.694445+00', 177),
	(178, 17359, 'recipe-image-dishes', '2025-07-06 13:50:39.463212+00', 178),
	(179, 30049, 'recipe-image-preparations', '2025-07-06 16:58:49.503872+00', 179),
	(180, 30049, 'recipe-image-preparations', '2025-07-06 16:58:49.682406+00', 180),
	(181, 30049, 'recipe-image-preparations', '2025-07-06 16:58:52.050106+00', 181),
	(182, 30049, 'recipe-image-preparations', '2025-07-06 16:58:52.202191+00', 182),
	(183, 30049, 'recipe-image-preparations', '2025-07-06 16:58:58.432509+00', 183),
	(184, 30049, 'recipe-image-preparations', '2025-07-06 16:58:58.5621+00', 184),
	(185, 17359, 'recipe-image-dishes', '2025-07-06 16:59:44.397815+00', 185),
	(186, 30049, 'recipe-image-preparations', '2025-07-06 17:00:24.089743+00', 186),
	(187, 30049, 'recipe-image-preparations', '2025-07-06 17:00:24.238473+00', 187),
	(188, 30049, 'recipe-image-preparations', '2025-07-06 17:00:24.389952+00', 188),
	(189, 17359, 'recipe-image-dishes', '2025-07-06 17:00:24.532767+00', 189),
	(190, 17359, 'recipe-image-dishes', '2025-07-06 17:00:34.182717+00', 190),
	(191, 30049, 'recipe-image-preparations', '2025-07-06 17:00:56.322998+00', 191),
	(192, 17359, 'recipe-image-dishes', '2025-07-06 17:01:17.084513+00', 192),
	(193, 30049, 'recipe-image-preparations', '2025-07-06 17:01:38.695833+00', 193),
	(194, 17359, 'recipe-image-dishes', '2025-07-06 17:01:56.681631+00', 194),
	(195, 17359, 'recipe-image-dishes', '2025-07-06 17:02:13.338025+00', 195),
	(196, 17359, 'recipe-image-dishes', '2025-07-06 17:02:41.610607+00', 196),
	(197, 30049, 'recipe-image-preparations', '2025-07-06 17:03:12.536388+00', 197),
	(198, 30049, 'recipe-image-preparations', '2025-07-06 20:28:45.645652+00', 198),
	(199, 17359, 'recipe-image-dishes', '2025-07-06 21:27:09.584688+00', 199),
	(200, 17359, 'recipe-image-dishes', '2025-07-07 10:21:35.755904+00', 200),
	(202, 30049, 'recipe-image-preparations', '2025-07-07 16:53:21.165222+00', 202),
	(203, 30049, 'recipe-image-preparations', '2025-07-07 16:53:21.165222+00', 203),
	(204, 30049, 'recipe-image-preparations', '2025-07-07 16:53:21.363818+00', 204),
	(206, 17359, 'recipe-image-dishes', '2025-07-07 17:01:58.247219+00', 206),
	(207, 30049, 'recipe-image-preparations', '2025-07-07 17:03:41.021152+00', 207),
	(208, 30049, 'recipe-image-preparations', '2025-07-07 17:05:49.925399+00', 208),
	(209, 30049, 'recipe-image-preparations', '2025-07-07 17:05:50.368957+00', 209),
	(210, 17359, 'recipe-image-dishes', '2025-07-07 17:10:12.137585+00', 210),
	(211, 30049, 'recipe-image-preparations', '2025-07-07 17:10:39.034868+00', 211),
	(212, 30049, 'recipe-image-preparations', '2025-07-07 17:10:39.034868+00', 212),
	(213, 30049, 'recipe-image-preparations', '2025-07-07 17:10:39.191401+00', 213),
	(214, 30049, 'recipe-image-preparations', '2025-07-07 17:10:39.341156+00', 214),
	(215, 30049, 'recipe-image-preparations', '2025-07-07 17:12:03.439018+00', 215),
	(216, 30049, 'recipe-image-preparations', '2025-07-07 17:12:03.439018+00', 216),
	(217, 30049, 'recipe-image-preparations', '2025-07-07 17:12:03.634934+00', 217),
	(218, 30049, 'recipe-image-preparations', '2025-07-07 17:12:03.787303+00', 218),
	(219, 30049, 'recipe-image-preparations', '2025-07-07 17:12:04.517643+00', 219),
	(220, 30049, 'recipe-image-preparations', '2025-07-07 17:12:04.910714+00', 220),
	(221, 17359, 'recipe-image-dishes', '2025-07-07 17:12:05.035528+00', 221),
	(222, 17359, 'recipe-image-dishes', '2025-07-07 17:12:59.459137+00', 222),
	(223, 17359, 'recipe-image-dishes', '2025-07-07 17:15:02.456166+00', 223),
	(228, 30049, 'recipe-image-preparations', '2025-07-07 17:17:38.527056+00', 228),
	(229, 30049, 'recipe-image-preparations', '2025-07-07 17:17:38.527056+00', 229),
	(230, 30049, 'recipe-image-preparations', '2025-07-07 17:17:38.717959+00', 230),
	(231, 30049, 'recipe-image-preparations', '2025-07-07 17:17:38.871592+00', 231),
	(232, 17359, 'recipe-image-dishes', '2025-07-07 17:21:06.859601+00', 232),
	(233, 30049, 'recipe-image-preparations', '2025-07-07 17:21:25.991644+00', 233),
	(234, 30049, 'recipe-image-preparations', '2025-07-07 17:21:25.991644+00', 234),
	(235, 30049, 'recipe-image-preparations', '2025-07-07 17:21:26.141411+00', 235),
	(236, 30049, 'recipe-image-preparations', '2025-07-07 17:21:26.295733+00', 236),
	(237, 17359, 'recipe-image-dishes', '2025-07-07 17:22:18.908018+00', 237),
	(240, 30049, 'recipe-image-preparations', '2025-07-07 17:31:16.631533+00', 240),
	(241, 30049, 'recipe-image-preparations', '2025-07-07 17:31:27.68408+00', 241),
	(242, 30049, 'recipe-image-preparations', '2025-07-07 17:32:04.383671+00', 242),
	(243, 30049, 'recipe-image-preparations', '2025-07-07 17:32:05.308707+00', 243),
	(244, 17359, 'recipe-image-dishes', '2025-07-07 17:44:52.712986+00', 244),
	(245, 30049, 'recipe-image-preparations', '2025-07-07 17:45:18.163312+00', 245),
	(246, 30049, 'recipe-image-preparations', '2025-07-07 17:45:18.163312+00', 246),
	(247, 30049, 'recipe-image-preparations', '2025-07-07 17:45:18.62849+00', 247),
	(248, 17359, 'recipe-image-dishes', '2025-07-07 17:45:50.883345+00', 248),
	(249, 17359, 'recipe-image-dishes', '2025-07-07 17:56:25.195187+00', 249),
	(250, 17359, 'recipe-image-dishes', '2025-07-07 17:57:13.213391+00', 250),
	(251, 30049, 'recipe-image-preparations', '2025-07-07 18:01:35.720065+00', 251),
	(252, 30049, 'recipe-image-preparations', '2025-07-07 18:01:35.720065+00', 252),
	(253, 17359, 'recipe-image-dishes', '2025-07-07 18:01:36.303587+00', 253),
	(254, 17359, 'recipe-image-dishes', '2025-07-07 18:03:21.864938+00', 254),
	(255, 17359, 'recipe-image-dishes', '2025-07-07 18:07:31.905579+00', 255),
	(256, 30049, 'recipe-image-preparations', '2025-07-07 18:57:31.45642+00', 256),
	(257, 30049, 'recipe-image-preparations', '2025-07-07 18:57:31.45642+00', 257),
	(258, 30049, 'recipe-image-preparations', '2025-07-07 18:57:31.645597+00', 258),
	(259, 30049, 'recipe-image-preparations', '2025-07-07 18:57:32.579797+00', 259),
	(260, 30049, 'recipe-image-preparations', '2025-07-07 18:57:32.579797+00', 260),
	(261, 17359, 'recipe-image-dishes', '2025-07-07 18:57:33.173546+00', 261),
	(262, 17359, 'recipe-image-dishes', '2025-07-07 22:12:37.451345+00', 262),
	(263, 17359, 'recipe-image-dishes', '2025-07-07 22:12:43.651251+00', 263),
	(264, 17359, 'recipe-image-dishes', '2025-07-07 22:12:49.352898+00', 264),
	(265, 30049, 'recipe-image-preparations', '2025-07-07 22:13:50.63863+00', 265),
	(266, 30049, 'recipe-image-preparations', '2025-07-07 22:13:50.63863+00', 266),
	(267, 30049, 'recipe-image-preparations', '2025-07-07 22:13:51.109354+00', 267),
	(268, 17359, 'recipe-image-dishes', '2025-07-07 22:15:20.219541+00', 268),
	(269, 17359, 'recipe-image-dishes', '2025-07-07 22:16:28.86076+00', 269),
	(270, 30049, 'recipe-image-preparations', '2025-07-07 22:16:37.000504+00', 270),
	(271, 30049, 'recipe-image-preparations', '2025-07-07 22:16:43.11761+00', 271),
	(272, 30049, 'recipe-image-preparations', '2025-07-07 22:16:50.010446+00', 272),
	(273, 30049, 'recipe-image-preparations', '2025-07-07 22:17:17.949673+00', 273),
	(274, 30049, 'recipe-image-preparations', '2025-07-07 22:17:24.762687+00', 274),
	(275, 30049, 'recipe-image-preparations', '2025-07-07 22:17:30.950818+00', 275),
	(276, 30049, 'recipe-image-preparations', '2025-07-07 22:17:52.668118+00', 276),
	(277, 30049, 'recipe-image-preparations', '2025-07-07 22:17:59.985161+00', 277),
	(278, 30049, 'recipe-image-preparations', '2025-07-07 22:18:25.687884+00', 278),
	(279, 30049, 'recipe-image-preparations', '2025-07-07 22:18:26.007963+00', 279),
	(280, 30049, 'recipe-image-preparations', '2025-07-07 22:18:27.238805+00', 280),
	(281, 17359, 'recipe-image-dishes', '2025-07-07 22:20:01.340971+00', 281),
	(282, 17359, 'recipe-image-dishes', '2025-07-07 22:22:23.056576+00', 282),
	(283, 30049, 'recipe-image-preparations', '2025-07-07 22:24:07.254293+00', 283),
	(284, 30049, 'recipe-image-preparations', '2025-07-07 22:24:07.254293+00', 284),
	(285, 30049, 'recipe-image-preparations', '2025-07-07 22:28:43.691372+00', 285),
	(286, 30049, 'recipe-image-preparations', '2025-07-07 22:28:43.691372+00', 286),
	(287, 17359, 'recipe-image-dishes', '2025-07-07 22:28:44.37192+00', 287),
	(288, 30049, 'recipe-image-preparations', '2025-07-07 22:29:35.730486+00', 288),
	(289, 30049, 'recipe-image-preparations', '2025-07-07 22:29:36.042353+00', 289),
	(290, 17359, 'recipe-image-dishes', '2025-07-07 22:32:24.306139+00', 290),
	(291, 17359, 'recipe-image-dishes', '2025-07-07 22:32:24.306139+00', 291),
	(292, 30049, 'recipe-image-preparations', '2025-07-07 22:32:32.25902+00', 292),
	(293, 30049, 'recipe-image-preparations', '2025-07-07 22:32:32.25902+00', 293),
	(294, 30049, 'recipe-image-preparations', '2025-07-07 22:32:32.25902+00', 294),
	(295, 30049, 'recipe-image-preparations', '2025-07-07 22:32:32.25902+00', 295),
	(296, 30049, 'recipe-image-preparations', '2025-07-07 22:32:32.25902+00', 296),
	(297, 30049, 'recipe-image-preparations', '2025-07-07 22:38:13.209302+00', 297),
	(298, 30049, 'recipe-image-preparations', '2025-07-07 22:38:13.601849+00', 298),
	(299, 30049, 'recipe-image-preparations', '2025-07-07 22:39:04.413892+00', 299),
	(300, 30049, 'recipe-image-preparations', '2025-07-07 22:39:04.725812+00', 300),
	(302, 17359, 'recipe-image-dishes', '2025-07-07 22:41:00.544797+00', 302),
	(303, 30049, 'recipe-image-preparations', '2025-07-07 22:41:24.021777+00', 303),
	(304, 30049, 'recipe-image-preparations', '2025-07-07 22:41:24.021777+00', 304),
	(305, 30049, 'recipe-image-preparations', '2025-07-08 08:46:45.209762+00', 305),
	(306, 30049, 'recipe-image-preparations', '2025-07-08 08:46:45.595428+00', 306),
	(307, 30049, 'recipe-image-preparations', '2025-07-08 08:48:18.218166+00', 307),
	(308, 30049, 'recipe-image-preparations', '2025-07-08 08:48:18.505733+00', 308),
	(309, 30049, 'recipe-image-preparations', '2025-07-08 08:50:23.141431+00', 309),
	(310, 30049, 'recipe-image-preparations', '2025-07-08 08:50:23.727888+00', 310),
	(311, 17359, 'recipe-image-dishes', '2025-07-08 08:50:49.243928+00', 311),
	(312, 30049, 'recipe-image-preparations', '2025-07-08 08:51:25.717269+00', 312),
	(313, 30049, 'recipe-image-preparations', '2025-07-08 08:51:26.15777+00', 313),
	(314, 17359, 'recipe-image-dishes', '2025-07-08 08:51:26.432575+00', 314),
	(315, 17359, 'recipe-image-dishes', '2025-07-08 09:23:08.240975+00', 315),
	(316, 30049, 'recipe-image-preparations', '2025-07-08 10:12:49.972578+00', 316),
	(317, 30049, 'recipe-image-preparations', '2025-07-08 10:12:49.972578+00', 317),
	(318, 30049, 'recipe-image-preparations', '2025-07-08 10:12:50.363189+00', 318),
	(319, 30049, 'recipe-image-preparations', '2025-07-08 10:13:05.397995+00', 319),
	(320, 30049, 'recipe-image-preparations', '2025-07-08 10:13:05.397995+00', 320),
	(321, 30049, 'recipe-image-preparations', '2025-07-08 10:13:13.756153+00', 321),
	(322, 30049, 'recipe-image-preparations', '2025-07-08 10:13:13.756153+00', 322),
	(323, 30049, 'recipe-image-preparations', '2025-07-08 10:13:43.903276+00', 323),
	(324, 30049, 'recipe-image-preparations', '2025-07-08 10:13:43.903276+00', 324),
	(325, 30049, 'recipe-image-preparations', '2025-07-08 10:13:44.113956+00', 325),
	(326, 17359, 'recipe-image-dishes', '2025-07-08 10:14:32.540048+00', 326),
	(327, 30049, 'recipe-image-preparations', '2025-07-08 10:15:06.376486+00', 327),
	(328, 30049, 'recipe-image-preparations', '2025-07-08 10:15:06.376486+00', 328),
	(329, 30049, 'recipe-image-preparations', '2025-07-08 10:15:07.011993+00', 329),
	(330, 30049, 'recipe-image-preparations', '2025-07-08 10:15:07.011993+00', 330),
	(331, 17359, 'recipe-image-dishes', '2025-07-08 10:16:14.042381+00', 331),
	(332, 30049, 'recipe-image-preparations', '2025-07-08 10:17:03.943167+00', 332),
	(333, 30049, 'recipe-image-preparations', '2025-07-08 10:17:03.943167+00', 333),
	(334, 30049, 'recipe-image-preparations', '2025-07-08 10:17:04.610546+00', 334),
	(335, 30049, 'recipe-image-preparations', '2025-07-08 10:17:04.610546+00', 335),
	(336, 17359, 'recipe-image-dishes', '2025-07-08 10:20:37.482028+00', 336),
	(337, 30049, 'recipe-image-preparations', '2025-07-08 10:20:49.223067+00', 337),
	(338, 30049, 'recipe-image-preparations', '2025-07-08 10:20:55.198247+00', 338),
	(339, 17359, 'recipe-image-dishes', '2025-07-08 10:23:34.779751+00', 339),
	(340, 30049, 'recipe-image-preparations', '2025-07-08 10:25:23.180755+00', 340),
	(341, 30049, 'recipe-image-preparations', '2025-07-08 10:25:38.871362+00', 341),
	(342, 30049, 'recipe-image-preparations', '2025-07-08 10:26:16.094403+00', 342),
	(343, 30049, 'recipe-image-preparations', '2025-07-08 10:26:22.552122+00', 343),
	(344, 30049, 'recipe-image-preparations', '2025-07-08 10:26:54.80845+00', 344),
	(345, 30049, 'recipe-image-preparations', '2025-07-08 10:26:55.121694+00', 345),
	(346, 17359, 'recipe-image-dishes', '2025-07-08 10:37:00.453179+00', 346),
	(347, 17359, 'recipe-image-dishes', '2025-07-08 10:41:17.342881+00', 347),
	(348, 30049, 'recipe-image-preparations', '2025-07-08 10:41:24.552398+00', 348),
	(349, 30049, 'recipe-image-preparations', '2025-07-08 10:42:02.674508+00', 349),
	(350, 30049, 'recipe-image-preparations', '2025-07-08 10:42:03.168773+00', 350),
	(351, 30049, 'recipe-image-preparations', '2025-07-08 10:43:49.434591+00', 351),
	(352, 30049, 'recipe-image-preparations', '2025-07-08 10:43:49.718564+00', 352),
	(353, 30049, 'recipe-image-preparations', '2025-07-08 10:43:51.085318+00', 353),
	(354, 30049, 'recipe-image-preparations', '2025-07-08 10:43:51.412384+00', 354),
	(355, 17359, 'recipe-image-dishes', '2025-07-08 10:44:31.806184+00', 355),
	(356, 17359, 'recipe-image-dishes', '2025-07-08 10:44:59.717315+00', 356),
	(357, 30049, 'recipe-image-preparations', '2025-07-08 10:45:13.433025+00', 357),
	(358, 30049, 'recipe-image-preparations', '2025-07-08 10:45:13.433025+00', 358),
	(359, 30049, 'recipe-image-preparations', '2025-07-08 10:45:13.629636+00', 359),
	(360, 30049, 'recipe-image-preparations', '2025-07-08 11:03:28.679603+00', 360),
	(361, 30049, 'recipe-image-preparations', '2025-07-08 11:03:28.679603+00', 361),
	(362, 30049, 'recipe-image-preparations', '2025-07-08 11:03:39.650437+00', 362),
	(363, 30049, 'recipe-image-preparations', '2025-07-08 11:03:39.650437+00', 363),
	(364, 30049, 'recipe-image-preparations', '2025-07-08 11:04:27.405848+00', 364),
	(365, 30049, 'recipe-image-preparations', '2025-07-08 11:04:27.405848+00', 365),
	(366, 30049, 'recipe-image-preparations', '2025-07-08 11:04:34.996091+00', 366),
	(367, 30049, 'recipe-image-preparations', '2025-07-08 11:04:34.996091+00', 367),
	(368, 30049, 'recipe-image-preparations', '2025-07-08 11:13:28.788561+00', 368),
	(369, 30049, 'recipe-image-preparations', '2025-07-08 11:13:28.788561+00', 369),
	(370, 30049, 'recipe-image-preparations', '2025-07-08 11:13:28.971797+00', 370),
	(371, 17359, 'recipe-image-dishes', '2025-07-08 11:17:04.396702+00', 371),
	(372, 17359, 'recipe-image-dishes', '2025-07-08 11:18:40.891022+00', 372),
	(373, 30049, 'recipe-image-preparations', '2025-07-08 11:18:55.264527+00', 373),
	(374, 30049, 'recipe-image-preparations', '2025-07-08 11:19:25.173842+00', 374),
	(375, 30049, 'recipe-image-preparations', '2025-07-08 11:19:25.489773+00', 375),
	(376, 30049, 'recipe-image-preparations', '2025-07-08 11:20:27.807298+00', 376),
	(377, 30049, 'recipe-image-preparations', '2025-07-08 11:20:27.807298+00', 377),
	(378, 30049, 'recipe-image-preparations', '2025-07-08 11:20:28.107647+00', 378),
	(379, 17359, 'recipe-image-dishes', '2025-07-08 11:21:03.435829+00', 379),
	(380, 30049, 'recipe-image-preparations', '2025-07-08 11:21:35.33351+00', 380),
	(381, 30049, 'recipe-image-preparations', '2025-07-08 11:21:35.33351+00', 381),
	(382, 30049, 'recipe-image-preparations', '2025-07-08 11:21:36.136129+00', 382),
	(383, 30049, 'recipe-image-preparations', '2025-07-08 11:21:48.495186+00', 383),
	(384, 30049, 'recipe-image-preparations', '2025-07-08 11:21:48.495186+00', 384),
	(385, 30049, 'recipe-image-preparations', '2025-07-08 11:26:01.062163+00', 385),
	(386, 30049, 'recipe-image-preparations', '2025-07-08 11:26:01.557513+00', 386),
	(387, 17359, 'recipe-image-dishes', '2025-07-08 11:26:01.713758+00', 387),
	(388, 30049, 'recipe-image-preparations', '2025-07-08 11:28:36.722619+00', 388),
	(389, 30049, 'recipe-image-preparations', '2025-07-08 11:28:36.722619+00', 389),
	(390, 30049, 'recipe-image-preparations', '2025-07-08 11:28:36.871563+00', 390),
	(391, 17359, 'recipe-image-dishes', '2025-07-08 11:48:38.37921+00', 391),
	(392, 30049, 'recipe-image-preparations', '2025-07-08 11:59:57.41885+00', 392),
	(393, 30049, 'recipe-image-preparations', '2025-07-08 11:59:57.41885+00', 393),
	(394, 30049, 'recipe-image-preparations', '2025-07-08 11:59:57.79688+00', 394),
	(395, 17359, 'recipe-image-dishes', '2025-07-08 12:00:04.623346+00', 395),
	(396, 30049, 'recipe-image-preparations', '2025-07-08 12:03:23.611361+00', 396),
	(397, 30049, 'recipe-image-preparations', '2025-07-08 12:03:23.611361+00', 397),
	(398, 30049, 'recipe-image-preparations', '2025-07-08 12:03:23.939322+00', 398),
	(399, 17359, 'recipe-image-dishes', '2025-07-08 12:03:24.957766+00', 399),
	(400, 30049, 'recipe-image-preparations', '2025-07-08 12:03:51.26892+00', 400),
	(401, 30049, 'recipe-image-preparations', '2025-07-08 12:03:51.26892+00', 401),
	(402, 30049, 'recipe-image-preparations', '2025-07-08 12:03:51.464896+00', 402),
	(403, 30049, 'recipe-image-preparations', '2025-07-08 12:08:36.43447+00', 403),
	(404, 30049, 'recipe-image-preparations', '2025-07-08 12:08:36.901649+00', 404),
	(405, 30049, 'recipe-image-preparations', '2025-07-08 12:08:38.141002+00', 405),
	(406, 30049, 'recipe-image-preparations', '2025-07-08 12:08:38.141002+00', 406),
	(407, 30049, 'recipe-image-preparations', '2025-07-08 12:08:38.748323+00', 407),
	(408, 17359, 'recipe-image-dishes', '2025-07-08 12:08:38.897233+00', 408),
	(409, 17359, 'recipe-image-dishes', '2025-07-08 12:09:07.115558+00', 409),
	(410, 30049, 'recipe-image-preparations', '2025-07-08 12:09:20.164621+00', 410),
	(411, 30049, 'recipe-image-preparations', '2025-07-08 12:09:20.164621+00', 411),
	(412, 30049, 'recipe-image-preparations', '2025-07-08 12:09:20.301795+00', 412),
	(413, 30049, 'recipe-image-preparations', '2025-07-08 12:10:43.785727+00', 413),
	(414, 30049, 'recipe-image-preparations', '2025-07-08 12:10:43.785727+00', 414),
	(415, 30049, 'recipe-image-preparations', '2025-07-08 12:10:44.068949+00', 415),
	(416, 30049, 'recipe-image-preparations', '2025-07-08 12:10:55.89479+00', 416),
	(417, 30049, 'recipe-image-preparations', '2025-07-08 12:10:55.89479+00', 417),
	(418, 30049, 'recipe-image-preparations', '2025-07-08 12:10:56.070662+00', 418),
	(419, 30049, 'recipe-image-preparations', '2025-07-08 12:16:31.442369+00', 419),
	(420, 30049, 'recipe-image-preparations', '2025-07-08 12:16:31.442369+00', 420),
	(421, 30049, 'recipe-image-preparations', '2025-07-08 12:16:31.771286+00', 421),
	(422, 17359, 'recipe-image-dishes', '2025-07-08 12:16:31.920108+00', 422),
	(423, 30049, 'recipe-image-preparations', '2025-07-08 12:16:44.290973+00', 423),
	(424, 30049, 'recipe-image-preparations', '2025-07-08 12:16:44.290973+00', 424),
	(425, 30049, 'recipe-image-preparations', '2025-07-08 12:16:44.43583+00', 425),
	(426, 30049, 'recipe-image-preparations', '2025-07-08 12:17:46.466812+00', 426),
	(427, 30049, 'recipe-image-preparations', '2025-07-08 12:17:46.466812+00', 427),
	(428, 17359, 'recipe-image-dishes', '2025-07-08 12:20:01.894907+00', 428),
	(429, 30049, 'recipe-image-preparations', '2025-07-08 12:20:24.983458+00', 429),
	(430, 30049, 'recipe-image-preparations', '2025-07-08 12:20:25.449281+00', 430),
	(431, 30049, 'recipe-image-preparations', '2025-07-08 12:28:54.852981+00', 431),
	(432, 30049, 'recipe-image-preparations', '2025-07-08 12:28:54.852981+00', 432),
	(433, 30049, 'recipe-image-preparations', '2025-07-08 12:28:55.042771+00', 433),
	(434, 30049, 'recipe-image-preparations', '2025-07-08 18:10:01.107741+00', 434),
	(435, 30049, 'recipe-image-preparations', '2025-07-08 18:10:01.107741+00', 435),
	(436, 30049, 'recipe-image-preparations', '2025-07-08 18:10:01.2926+00', 436),
	(437, 17359, 'recipe-image-dishes', '2025-07-08 18:10:02.183736+00', 437),
	(438, 30049, 'recipe-image-preparations', '2025-07-08 18:24:48.611387+00', 438),
	(439, 30049, 'recipe-image-preparations', '2025-07-08 18:24:48.611387+00', 439),
	(440, 30049, 'recipe-image-preparations', '2025-07-08 18:24:48.780168+00', 440),
	(441, 17359, 'recipe-image-dishes', '2025-07-08 18:24:49.083157+00', 441),
	(442, 30049, 'recipe-image-preparations', '2025-07-08 18:33:45.946758+00', 442),
	(443, 30049, 'recipe-image-preparations', '2025-07-08 18:33:45.946758+00', 443),
	(444, 17359, 'recipe-image-dishes', '2025-07-08 18:34:27.631592+00', 444),
	(445, 17359, 'recipe-image-dishes', '2025-07-08 18:35:20.450818+00', 445),
	(446, 30049, 'recipe-image-preparations', '2025-07-08 18:35:34.014002+00', 446),
	(447, 30049, 'recipe-image-preparations', '2025-07-08 18:41:33.112547+00', 447),
	(448, 30049, 'recipe-image-preparations', '2025-07-08 18:41:33.263368+00', 448),
	(450, 30049, 'recipe-image-preparations', '2025-07-08 18:42:44.337216+00', 450),
	(451, 30049, 'recipe-image-preparations', '2025-07-08 18:42:51.413114+00', 451),
	(452, 30049, 'recipe-image-preparations', '2025-07-08 18:42:51.413114+00', 452),
	(453, 30049, 'recipe-image-preparations', '2025-07-08 18:43:32.95576+00', 453),
	(454, 30049, 'recipe-image-preparations', '2025-07-08 18:44:23.152258+00', 454),
	(455, 30049, 'recipe-image-preparations', '2025-07-08 18:44:23.152258+00', 455),
	(456, 30049, 'recipe-image-preparations', '2025-07-08 18:45:08.696831+00', 456),
	(457, 30049, 'recipe-image-preparations', '2025-07-08 18:45:08.696831+00', 457),
	(458, 17359, 'recipe-image-dishes', '2025-07-08 18:47:00.431175+00', 458),
	(459, 30049, 'recipe-image-preparations', '2025-07-08 18:47:07.375471+00', 459),
	(460, 30049, 'recipe-image-preparations', '2025-07-08 18:47:12.610266+00', 460),
	(461, 30049, 'recipe-image-preparations', '2025-07-08 18:47:34.212883+00', 461),
	(462, 30049, 'recipe-image-preparations', '2025-07-08 18:47:34.351686+00', 462),
	(463, 30049, 'recipe-image-preparations', '2025-07-08 18:47:35.834728+00', 463),
	(464, 30049, 'recipe-image-preparations', '2025-07-08 18:47:35.967326+00', 464),
	(465, 30049, 'recipe-image-preparations', '2025-07-08 18:48:03.13097+00', 465),
	(466, 30049, 'recipe-image-preparations', '2025-07-08 18:48:03.13097+00', 466),
	(467, 17359, 'recipe-image-dishes', '2025-07-08 18:48:08.535272+00', 467),
	(468, 30049, 'recipe-image-preparations', '2025-07-08 18:48:23.718712+00', 468),
	(469, 30049, 'recipe-image-preparations', '2025-07-08 18:48:23.718712+00', 469),
	(470, 17359, 'recipe-image-dishes', '2025-07-08 18:49:12.268443+00', 470),
	(471, 30049, 'recipe-image-preparations', '2025-07-08 18:50:01.723733+00', 471),
	(472, 30049, 'recipe-image-preparations', '2025-07-08 18:50:01.723733+00', 472),
	(473, 17359, 'recipe-image-dishes', '2025-07-08 18:50:06.972212+00', 473),
	(474, 30049, 'recipe-image-preparations', '2025-07-08 18:50:56.256898+00', 474),
	(475, 30049, 'recipe-image-preparations', '2025-07-08 18:50:56.409658+00', 475),
	(476, 30049, 'recipe-image-preparations', '2025-07-08 18:50:58.459912+00', 476),
	(477, 30049, 'recipe-image-preparations', '2025-07-08 18:50:58.605649+00', 477),
	(478, 17359, 'recipe-image-dishes', '2025-07-08 18:57:23.790456+00', 478),
	(479, 30049, 'recipe-image-preparations', '2025-07-08 18:57:37.653736+00', 479),
	(480, 30049, 'recipe-image-preparations', '2025-07-08 18:57:43.292259+00', 480),
	(481, 17359, 'recipe-image-dishes', '2025-07-08 18:58:31.586273+00', 481),
	(482, 30049, 'recipe-image-preparations', '2025-07-08 18:58:45.113871+00', 482),
	(483, 30049, 'recipe-image-preparations', '2025-07-08 19:00:16.322912+00', 483),
	(484, 30049, 'recipe-image-preparations', '2025-07-08 19:00:16.470756+00', 484),
	(485, 30049, 'recipe-image-preparations', '2025-07-08 19:00:18.248708+00', 485),
	(486, 30049, 'recipe-image-preparations', '2025-07-08 19:00:18.383267+00', 486),
	(487, 30049, 'recipe-image-preparations', '2025-07-08 19:08:36.770994+00', 487),
	(488, 30049, 'recipe-image-preparations', '2025-07-08 19:08:36.770994+00', 488),
	(489, 30049, 'recipe-image-preparations', '2025-07-08 19:08:38.175386+00', 489),
	(490, 30049, 'recipe-image-preparations', '2025-07-08 19:08:38.175386+00', 490),
	(491, 30049, 'recipe-image-preparations', '2025-07-08 19:08:48.367805+00', 491),
	(492, 30049, 'recipe-image-preparations', '2025-07-08 19:08:48.367805+00', 492),
	(493, 17359, 'recipe-image-dishes', '2025-07-08 19:09:43.680501+00', 493),
	(494, 17359, 'recipe-image-dishes', '2025-07-08 19:11:12.2866+00', 494),
	(495, 30049, 'recipe-image-preparations', '2025-07-08 19:11:59.53257+00', 495),
	(496, 30049, 'recipe-image-preparations', '2025-07-08 19:11:59.53257+00', 496),
	(497, 30049, 'recipe-image-preparations', '2025-07-08 19:12:00.773207+00', 497),
	(498, 30049, 'recipe-image-preparations', '2025-07-08 19:12:00.773207+00', 498),
	(499, 17359, 'recipe-image-dishes', '2025-07-08 19:12:36.088325+00', 499),
	(500, 30049, 'recipe-image-preparations', '2025-07-08 19:12:49.300632+00', 500),
	(501, 30049, 'recipe-image-preparations', '2025-07-08 19:12:49.300632+00', 501),
	(502, 30049, 'recipe-image-preparations', '2025-07-08 19:13:22.926658+00', 502),
	(503, 30049, 'recipe-image-preparations', '2025-07-08 19:13:22.926658+00', 503),
	(504, 30049, 'recipe-image-preparations', '2025-07-08 19:13:23.864031+00', 504),
	(505, 30049, 'recipe-image-preparations', '2025-07-08 19:13:23.864031+00', 505),
	(506, 17359, 'recipe-image-dishes', '2025-07-08 19:17:03.448449+00', 506),
	(507, 30049, 'recipe-image-preparations', '2025-07-08 19:31:11.800555+00', 507),
	(508, 30049, 'recipe-image-preparations', '2025-07-08 19:31:11.800555+00', 508),
	(509, 30049, 'recipe-image-preparations', '2025-07-08 19:31:14.173509+00', 509),
	(510, 30049, 'recipe-image-preparations', '2025-07-08 19:31:14.173509+00', 510),
	(511, 17359, 'recipe-image-dishes', '2025-07-08 19:31:14.769104+00', 511),
	(512, 30049, 'recipe-image-preparations', '2025-07-08 19:31:25.921941+00', 512),
	(513, 30049, 'recipe-image-preparations', '2025-07-08 19:31:25.921941+00', 513),
	(514, 17359, 'recipe-image-dishes', '2025-07-08 19:31:56.4188+00', 514),
	(515, 30049, 'recipe-image-preparations', '2025-07-08 19:32:47.517846+00', 515),
	(516, 30049, 'recipe-image-preparations', '2025-07-08 19:32:47.517846+00', 516),
	(517, 17359, 'recipe-image-dishes', '2025-07-08 19:32:48.103975+00', 517),
	(518, 30049, 'recipe-image-preparations', '2025-07-08 19:33:05.582548+00', 518),
	(519, 30049, 'recipe-image-preparations', '2025-07-08 19:33:05.582548+00', 519),
	(520, 30049, 'recipe-image-preparations', '2025-07-08 19:33:05.954153+00', 520),
	(521, 30049, 'recipe-image-preparations', '2025-07-08 19:33:05.954153+00', 521),
	(522, 30049, 'recipe-image-preparations', '2025-07-08 19:33:07.597049+00', 522),
	(523, 30049, 'recipe-image-preparations', '2025-07-08 19:33:07.597049+00', 523),
	(524, 17359, 'recipe-image-dishes', '2025-07-08 21:15:07.447154+00', 524),
	(525, 30049, 'recipe-image-preparations', '2025-07-08 21:15:15.770817+00', 525),
	(526, 30049, 'recipe-image-preparations', '2025-07-08 21:15:44.020754+00', 526),
	(527, 30049, 'recipe-image-preparations', '2025-07-08 21:15:44.222883+00', 527),
	(528, 30049, 'recipe-image-preparations', '2025-07-08 21:15:45.856115+00', 528),
	(529, 30049, 'recipe-image-preparations', '2025-07-08 21:15:46.111211+00', 529),
	(530, 17359, 'recipe-image-dishes', '2025-07-08 21:17:00.10533+00', 530),
	(531, 30049, 'recipe-image-preparations', '2025-07-08 21:21:17.319812+00', 531),
	(532, 30049, 'recipe-image-preparations', '2025-07-08 21:21:17.319812+00', 532),
	(533, 30049, 'recipe-image-preparations', '2025-07-08 21:24:58.592286+00', 533),
	(534, 30049, 'recipe-image-preparations', '2025-07-08 21:24:58.826657+00', 534),
	(535, 30049, 'recipe-image-preparations', '2025-07-08 21:25:01.106206+00', 535),
	(536, 30049, 'recipe-image-preparations', '2025-07-08 21:25:01.355428+00', 536),
	(537, 30049, 'recipe-image-preparations', '2025-07-08 21:25:03.937918+00', 537),
	(538, 30049, 'recipe-image-preparations', '2025-07-08 21:25:04.134768+00', 538),
	(539, 17359, 'recipe-image-dishes', '2025-07-08 21:28:35.440952+00', 539),
	(540, 30049, 'recipe-image-preparations', '2025-07-08 21:41:54.810197+00', 540),
	(541, 17359, 'recipe-image-dishes', '2025-07-08 21:56:44.265085+00', 541),
	(542, 30049, 'recipe-image-preparations', '2025-07-08 22:05:02.224419+00', 542),
	(543, 30049, 'recipe-image-preparations', '2025-07-08 22:05:02.224419+00', 543),
	(544, 30049, 'recipe-image-preparations', '2025-07-08 22:05:02.454302+00', 544),
	(545, 30049, 'recipe-image-preparations', '2025-07-08 22:05:02.863399+00', 545),
	(546, 30049, 'recipe-image-preparations', '2025-07-08 22:05:04.26025+00', 546),
	(547, 30049, 'recipe-image-preparations', '2025-07-08 22:05:04.26025+00', 547),
	(548, 17359, 'recipe-image-dishes', '2025-07-08 22:07:27.655533+00', 548),
	(549, 17359, 'recipe-image-dishes', '2025-07-08 22:23:42.862262+00', 549),
	(550, 30049, 'recipe-image-preparations', '2025-07-08 22:33:08.881541+00', 550),
	(551, 30049, 'recipe-image-preparations', '2025-07-08 22:33:08.881541+00', 551),
	(552, 30049, 'recipe-image-preparations', '2025-07-08 22:33:09.142706+00', 552),
	(553, 30049, 'recipe-image-preparations', '2025-07-08 22:33:09.608792+00', 553),
	(554, 30049, 'recipe-image-preparations', '2025-07-08 22:33:10.84473+00', 554),
	(555, 30049, 'recipe-image-preparations', '2025-07-08 22:33:10.84473+00', 555),
	(556, 17359, 'recipe-image-dishes', '2025-07-08 22:33:29.484417+00', 556),
	(557, 30049, 'recipe-image-preparations', '2025-07-08 23:13:37.229211+00', 557),
	(558, 30049, 'recipe-image-preparations', '2025-07-08 23:13:37.446789+00', 558),
	(559, 30049, 'recipe-image-preparations', '2025-07-08 23:13:40.094401+00', 559),
	(560, 30049, 'recipe-image-preparations', '2025-07-08 23:13:40.293544+00', 560),
	(561, 30049, 'recipe-image-preparations', '2025-07-08 23:13:43.193888+00', 561),
	(562, 30049, 'recipe-image-preparations', '2025-07-08 23:13:43.396516+00', 562),
	(563, 17359, 'recipe-image-dishes', '2025-07-08 23:13:56.809287+00', 563),
	(564, 17359, 'recipe-image-dishes', '2025-07-08 23:15:09.55275+00', 564),
	(565, 30049, 'recipe-image-preparations', '2025-07-08 23:16:58.762232+00', 565),
	(566, 17359, 'recipe-image-dishes', '2025-07-09 01:57:35.611594+00', 566),
	(567, 30049, 'recipe-image-preparations', '2025-07-09 01:57:47.0034+00', 567),
	(568, 30049, 'recipe-image-preparations', '2025-07-09 01:57:47.0034+00', 568),
	(569, 30049, 'recipe-image-preparations', '2025-07-09 01:57:47.0034+00', 569),
	(570, 30049, 'recipe-image-preparations', '2025-07-09 01:57:47.0034+00', 570),
	(571, 30049, 'recipe-image-preparations', '2025-07-09 01:57:47.0034+00', 571),
	(572, 30049, 'recipe-image-preparations', '2025-07-09 01:57:47.0034+00', 572),
	(573, 30049, 'recipe-image-preparations', '2025-07-09 01:57:47.0034+00', 573),
	(574, 30049, 'recipe-image-preparations', '2025-07-09 01:57:47.0034+00', 574),
	(575, 30049, 'recipe-image-preparations', '2025-07-09 01:57:47.0034+00', 575),
	(576, 30049, 'recipe-image-preparations', '2025-07-09 02:00:09.681094+00', 576),
	(577, 30049, 'recipe-image-preparations', '2025-07-09 02:00:09.829496+00', 577),
	(578, 30049, 'recipe-image-preparations', '2025-07-09 02:00:11.622721+00', 578),
	(579, 30049, 'recipe-image-preparations', '2025-07-09 02:00:11.766703+00', 579),
	(580, 30049, 'recipe-image-preparations', '2025-07-09 02:00:13.23068+00', 580),
	(581, 30049, 'recipe-image-preparations', '2025-07-09 02:00:13.360366+00', 581),
	(582, 17359, 'recipe-image-dishes', '2025-07-09 02:08:58.481206+00', 582),
	(583, 30049, 'recipe-image-preparations', '2025-07-09 02:09:05.170535+00', 583),
	(584, 30049, 'recipe-image-preparations', '2025-07-09 02:09:11.499932+00', 584),
	(585, 30049, 'recipe-image-preparations', '2025-07-09 02:09:17.96621+00', 585),
	(586, 30049, 'recipe-image-preparations', '2025-07-09 02:12:44.498814+00', 586),
	(587, 30049, 'recipe-image-preparations', '2025-07-09 02:12:44.631191+00', 587),
	(588, 30049, 'recipe-image-preparations', '2025-07-09 02:12:46.597607+00', 588),
	(589, 30049, 'recipe-image-preparations', '2025-07-09 02:12:46.732199+00', 589),
	(590, 30049, 'recipe-image-preparations', '2025-07-09 02:12:48.186568+00', 590),
	(591, 30049, 'recipe-image-preparations', '2025-07-09 02:12:48.315398+00', 591),
	(592, 30049, 'recipe-image-preparations', '2025-07-09 02:13:35.040139+00', 592),
	(593, 30049, 'recipe-image-preparations', '2025-07-09 02:13:35.186585+00', 593),
	(594, 30049, 'recipe-image-preparations', '2025-07-09 02:13:36.750239+00', 594),
	(595, 30049, 'recipe-image-preparations', '2025-07-09 02:13:37.031416+00', 595),
	(596, 30049, 'recipe-image-preparations', '2025-07-09 15:06:51.919081+00', 596),
	(597, 30049, 'recipe-image-preparations', '2025-07-09 15:06:51.919081+00', 597),
	(598, 30049, 'recipe-image-preparations', '2025-07-09 15:06:52.537004+00', 598),
	(599, 30049, 'recipe-image-preparations', '2025-07-09 15:06:53.834871+00', 599),
	(600, 30049, 'recipe-image-preparations', '2025-07-09 15:06:53.834871+00', 600),
	(601, 30049, 'recipe-image-preparations', '2025-07-09 15:06:53.983846+00', 601),
	(602, 30049, 'recipe-image-preparations', '2025-07-09 15:06:55.058418+00', 602),
	(603, 30049, 'recipe-image-preparations', '2025-07-09 15:06:55.058418+00', 603),
	(604, 17359, 'recipe-image-dishes', '2025-07-09 15:07:37.909218+00', 604),
	(605, 17359, 'recipe-image-dishes', '2025-07-09 15:12:57.147211+00', 605),
	(606, 17359, 'recipe-image-dishes', '2025-07-09 15:13:31.515307+00', 606),
	(607, 30049, 'recipe-image-preparations', '2025-07-09 15:39:53.702388+00', 607),
	(608, 30049, 'recipe-image-preparations', '2025-07-09 15:39:53.702388+00', 608),
	(609, 30049, 'recipe-image-preparations', '2025-07-09 15:40:05.546474+00', 609),
	(610, 30049, 'recipe-image-preparations', '2025-07-09 15:40:05.546474+00', 610),
	(611, 30049, 'recipe-image-preparations', '2025-07-09 15:57:47.007528+00', 611),
	(612, 30049, 'recipe-image-preparations', '2025-07-09 15:57:47.213142+00', 612),
	(613, 30049, 'recipe-image-preparations', '2025-07-09 15:57:49.463461+00', 613),
	(614, 30049, 'recipe-image-preparations', '2025-07-09 15:57:49.671269+00', 614),
	(615, 17359, 'recipe-image-dishes', '2025-07-09 15:58:14.838834+00', 615),
	(616, 30049, 'recipe-image-preparations', '2025-07-09 17:52:09.608129+00', 616),
	(617, 30049, 'recipe-image-preparations', '2025-07-09 17:52:09.608129+00', 617),
	(618, 30049, 'recipe-image-preparations', '2025-07-09 17:52:09.795237+00', 618),
	(619, 30049, 'recipe-image-preparations', '2025-07-09 17:52:10.732532+00', 619),
	(620, 30049, 'recipe-image-preparations', '2025-07-09 17:52:10.732532+00', 620),
	(621, 30049, 'recipe-image-preparations', '2025-07-09 17:52:11.419005+00', 621),
	(622, 30049, 'recipe-image-preparations', '2025-07-09 17:52:12.471563+00', 622),
	(623, 30049, 'recipe-image-preparations', '2025-07-09 17:52:12.471563+00', 623),
	(624, 30049, 'recipe-image-preparations', '2025-07-09 17:58:46.23313+00', 624),
	(625, 30049, 'recipe-image-preparations', '2025-07-09 17:58:46.23313+00', 625),
	(626, 17359, 'recipe-image-dishes', '2025-07-09 17:59:04.566163+00', 626),
	(627, 17359, 'recipe-image-dishes', '2025-07-10 13:12:03.052661+00', 627),
	(628, 17359, 'recipe-image-dishes', '2025-07-10 13:12:22.124734+00', 628),
	(629, 17359, 'recipe-image-dishes', '2025-07-10 13:43:51.67011+00', 629),
	(630, 17359, 'recipe-image-dishes', '2025-07-10 13:44:04.503264+00', 630),
	(631, 17359, 'recipe-image-dishes', '2025-07-10 13:44:17.492448+00', 631),
	(632, 17359, 'recipe-image-dishes', '2025-07-10 13:57:57.5461+00', 632),
	(633, 17359, 'recipe-image-dishes', '2025-07-10 13:58:51.872334+00', 633),
	(634, 17359, 'recipe-image-dishes', '2025-07-10 14:01:12.105329+00', 634),
	(635, 17359, 'recipe-image-dishes', '2025-07-10 15:07:09.806891+00', 635),
	(636, 30049, 'recipe-image-preparations', '2025-07-10 17:03:05.45997+00', 636),
	(637, 30049, 'recipe-image-preparations', '2025-07-10 17:03:05.683047+00', 637),
	(638, 17359, 'recipe-image-dishes', '2025-07-10 17:04:03.608617+00', 638),
	(639, 17359, 'recipe-image-dishes', '2025-07-10 17:05:57.680839+00', 639),
	(640, 17359, 'recipe-image-dishes', '2025-07-10 17:10:41.210775+00', 640),
	(641, 17359, 'recipe-image-dishes', '2025-07-11 01:15:12.878409+00', 641),
	(642, 17359, 'recipe-image-dishes', '2025-07-11 01:26:54.961814+00', 642),
	(643, 30049, 'recipe-image-preparations', '2025-07-11 10:52:58.193985+00', 643),
	(644, 30049, 'recipe-image-preparations', '2025-07-11 10:52:58.382859+00', 644),
	(645, 30049, 'recipe-image-preparations', '2025-07-11 10:53:03.44168+00', 645),
	(646, 30049, 'recipe-image-preparations', '2025-07-11 10:53:03.755775+00', 646),
	(647, 17359, 'recipe-image-dishes', '2025-07-11 10:53:49.212242+00', 647),
	(648, 17359, 'recipe-image-dishes', '2025-07-11 10:54:19.035536+00', 648),
	(649, 17359, 'recipe-image-dishes', '2025-07-11 15:32:24.456262+00', 649),
	(650, 17359, 'recipe-image-dishes', '2025-07-11 18:38:09.540391+00', 650),
	(651, 30049, 'recipe-image-preparations', '2025-07-11 18:42:54.159127+00', 651),
	(652, 30049, 'recipe-image-preparations', '2025-07-11 18:42:54.355815+00', 652),
	(653, 17359, 'recipe-image-dishes', '2025-07-11 18:43:53.295093+00', 653),
	(654, 17359, 'recipe-image-dishes', '2025-07-12 12:57:14.961459+00', 654),
	(655, 30049, 'recipe-image-preparations', '2025-07-12 13:01:58.570875+00', 655),
	(656, 30049, 'recipe-image-preparations', '2025-07-12 13:01:58.570875+00', 656),
	(657, 30049, 'recipe-image-preparations', '2025-07-12 13:01:59.304203+00', 657),
	(658, 30049, 'recipe-image-preparations', '2025-07-12 13:02:00.547342+00', 658),
	(659, 30049, 'recipe-image-preparations', '2025-07-12 13:02:00.547342+00', 659),
	(660, 30049, 'recipe-image-preparations', '2025-07-12 13:02:00.766504+00', 660),
	(661, 30049, 'recipe-image-preparations', '2025-07-12 13:02:01.216228+00', 661),
	(662, 17359, 'recipe-image-dishes', '2025-07-12 13:02:01.646064+00', 662),
	(663, 30049, 'recipe-image-preparations', '2025-07-12 13:17:52.238748+00', 663),
	(664, 30049, 'recipe-image-preparations', '2025-07-12 13:17:52.464901+00', 664),
	(665, 17359, 'recipe-image-dishes', '2025-07-12 13:18:18.481483+00', 665),
	(666, 17359, 'recipe-image-dishes', '2025-07-12 22:25:16.43268+00', 666),
	(667, 17359, 'recipe-image-dishes', '2025-07-12 22:25:34.043168+00', 667),
	(668, 17359, 'recipe-image-dishes', '2025-07-12 22:25:46.798778+00', 668),
	(669, 30049, 'recipe-image-preparations', '2025-07-16 15:59:44.798493+00', 669),
	(670, 30049, 'recipe-image-preparations', '2025-07-16 15:59:45.005746+00', 670),
	(671, 17359, 'recipe-image-dishes', '2025-07-16 16:00:18.528748+00', 671),
	(672, 17359, 'recipe-image-dishes', '2025-07-16 17:37:27.413417+00', 672),
	(673, 17359, 'recipe-image-dishes', '2025-07-18 08:35:17.238728+00', 673),
	(674, 17359, 'recipe-image-dishes', '2025-07-18 08:35:20.131339+00', 674),
	(675, 17359, 'recipe-image-dishes', '2025-07-18 09:51:35.66986+00', 675),
	(676, 30049, 'recipe-image-preparations', '2025-07-19 20:10:17.486724+00', 676),
	(677, 30049, 'recipe-image-preparations', '2025-07-19 20:10:17.486724+00', 677),
	(678, 30049, 'recipe-image-preparations', '2025-07-19 20:10:18.623115+00', 678),
	(679, 30049, 'recipe-image-preparations', '2025-07-19 20:10:18.623115+00', 679),
	(680, 17359, 'recipe-image-dishes', '2025-07-19 20:10:19.210924+00', 680),
	(681, 17359, 'recipe-image-dishes', '2025-07-19 20:13:04.485384+00', 681),
	(682, 30049, 'recipe-image-preparations', '2025-07-23 08:16:00.12211+00', 682),
	(683, 30049, 'recipe-image-preparations', '2025-07-23 08:16:00.414998+00', 683),
	(684, 30049, 'recipe-image-preparations', '2025-07-23 08:16:02.726433+00', 684),
	(685, 30049, 'recipe-image-preparations', '2025-07-23 08:16:02.906664+00', 685),
	(686, 30049, 'recipe-image-preparations', '2025-07-23 08:16:05.243895+00', 686),
	(687, 30049, 'recipe-image-preparations', '2025-07-23 08:16:05.410425+00', 687),
	(688, 17359, 'recipe-image-dishes', '2025-07-23 08:17:17.773422+00', 688),
	(689, 30049, 'recipe-image-preparations', '2025-07-23 08:18:15.383097+00', 689),
	(690, 30049, 'recipe-image-preparations', '2025-07-23 08:18:15.636212+00', 690),
	(691, 17359, 'recipe-image-dishes', '2025-07-23 14:36:02.568172+00', 691),
	(692, 30049, 'recipe-image-preparations', '2025-07-23 14:56:12.839054+00', 692),
	(693, 30049, 'recipe-image-preparations', '2025-07-23 14:56:13.05833+00', 693),
	(694, 30049, 'recipe-image-preparations', '2025-07-23 14:56:16.435945+00', 694),
	(695, 30049, 'recipe-image-preparations', '2025-07-23 14:56:16.629214+00', 695),
	(696, 30049, 'recipe-image-preparations', '2025-07-23 14:56:17.33638+00', 696),
	(697, 30049, 'recipe-image-preparations', '2025-07-23 14:56:17.33638+00', 697),
	(698, 30049, 'recipe-image-preparations', '2025-07-24 11:08:12.264714+00', 698),
	(699, 30049, 'recipe-image-preparations', '2025-07-24 11:08:12.380529+00', 699),
	(700, 30049, 'recipe-image-preparations', '2025-07-24 11:23:48.251234+00', 700),
	(701, 30049, 'recipe-image-preparations', '2025-07-24 11:23:48.332752+00', 701),
	(702, 17359, 'recipe-image-dishes', '2025-07-24 11:26:06.009427+00', 702),
	(703, 17359, 'recipe-image-dishes', '2025-07-24 11:30:31.426618+00', 703),
	(704, 30049, 'recipe-image-preparations', '2025-07-31 13:12:21.49503+00', 704),
	(705, 30049, 'recipe-image-preparations', '2025-07-31 13:12:21.686072+00', 705),
	(706, 30049, 'recipe-image-preparations', '2025-07-31 13:12:23.470613+00', 706),
	(707, 30049, 'recipe-image-preparations', '2025-07-31 13:12:23.625301+00', 707),
	(708, 17359, 'recipe-image-dishes', '2025-07-31 13:17:25.055836+00', 708),
	(709, 17359, 'recipe-image-dishes', '2025-07-31 13:17:53.802017+00', 709),
	(710, 30049, 'recipe-image-preparations', '2025-07-31 13:20:13.497922+00', 710),
	(711, 30049, 'recipe-image-preparations', '2025-07-31 13:20:13.662381+00', 711),
	(712, 30049, 'recipe-image-preparations', '2025-07-31 13:20:16.661021+00', 712),
	(713, 30049, 'recipe-image-preparations', '2025-07-31 13:20:16.814715+00', 713),
	(714, 30049, 'recipe-image-preparations', '2025-07-31 13:20:19.59838+00', 714),
	(715, 30049, 'recipe-image-preparations', '2025-07-31 13:20:19.735027+00', 715),
	(716, 17359, 'recipe-image-dishes', '2025-07-31 13:21:51.549058+00', 716),
	(717, 30049, 'recipe-image-preparations', '2025-07-31 13:31:53.791098+00', 717),
	(718, 30049, 'recipe-image-preparations', '2025-07-31 13:31:53.968485+00', 718),
	(719, 30049, 'recipe-image-preparations', '2025-07-31 13:33:16.666153+00', 719),
	(720, 30049, 'recipe-image-preparations', '2025-07-31 13:33:16.666153+00', 720),
	(721, 30049, 'recipe-image-preparations', '2025-07-31 13:33:17.186762+00', 721),
	(722, 30049, 'recipe-image-preparations', '2025-07-31 13:33:17.310114+00', 722),
	(723, 30049, 'recipe-image-preparations', '2025-07-31 13:33:17.310114+00', 723),
	(724, 17359, 'recipe-image-dishes', '2025-07-31 13:33:21.480341+00', 724),
	(725, 17359, 'recipe-image-dishes', '2025-07-31 13:33:57.018387+00', 725),
	(726, 30049, 'recipe-image-preparations', '2025-08-01 13:22:04.510654+00', 726),
	(727, 30049, 'recipe-image-preparations', '2025-08-01 13:22:04.711709+00', 727),
	(728, 17359, 'recipe-image-dishes', '2025-08-01 13:22:05.620759+00', 728),
	(729, 17359, 'recipe-image-dishes', '2025-08-01 18:38:51.598359+00', 729),
	(730, 17359, 'recipe-image-dishes', '2025-08-04 08:23:46.431674+00', 730);


--
-- Name: refresh_tokens_id_seq; Type: SEQUENCE SET; Schema: auth; Owner: supabase_auth_admin
--

SELECT pg_catalog.setval('"auth"."refresh_tokens_id_seq"', 1542, true);


--
-- Name: hooks_id_seq; Type: SEQUENCE SET; Schema: supabase_functions; Owner: supabase_functions_admin
--

SELECT pg_catalog.setval('"supabase_functions"."hooks_id_seq"', 730, true);


--
-- PostgreSQL database dump complete
--

RESET ALL;
